ACYC-1,AFREQ-1,EXEC-1,FREQ-1,INST-1,INSTnom-1,INSTnom%-1,IPC-1,L2HIT-1,L2MISS-1,L2MPI-1,L3HIT-1,L3MISS-1,L3MPI-1,PhysIPC-1,PhysIPC%-1,READ-1,TIME(ticks)-1,WRITE-1,ACYC-2,AFREQ-2,EXEC-2,FREQ-2,INST-2,INSTnom-2,INSTnom%-2,IPC-2,L2HIT-2,L2MISS-2,L2MPI-2,L3HIT-2,L3MISS-2,L3MPI-2,PhysIPC-2,PhysIPC%-2,READ-2,TIME(ticks)-2,WRITE-2,ACYC-C,AFREQ-C,EXEC-C,FREQ-C,INST-C,INSTnom-C,INSTnom%-C,IPC-C,L2HIT-C,L2MISS-C,L2MPI-C,L3HIT-C,L3MISS-C,L3MPI-C,PhysIPC-C,PhysIPC%-C,READ-C,TIME(ticks)-C,WRITE-C
2329.28571429,1.0463809523799998,0.34342857142899996,0.137904761905,5798.33333333,0.6868095238099999,17.1714285714,2.4952380952400004,0.9501904761900001,0.291661904762,4.85254761905e-05,0.795976190476,0.0370378571429,6.27814285714e-06,4.990476190480001,124.73809523799999,0.298023809524,2110.0,0.017236261904799998,13380.0,0.9738,0.8855,0.7955,14920.0,1.7719999999999998,44.27,1.1129,0.1867,103.33,0.006867,0.9996,0.03955,2.6239999999999998e-06,2.226,55.65,0.3009,2104.0,0.016083,15201.515151499998,0.959590909091,1.0541818181799998,0.896242424242,17887.8787879,2.1087878787900003,52.713636363599996,1.17803030303,0.17256060606100002,135.824242424,0.00758666666667,0.999590909091,0.0500639393939,2.8198939393900003e-06,2.3554545454499998,58.893939393900006,0.308136363636,2119.24242424,0.0186254545455
2329.28571429,1.0463809523799998,0.34342857142899996,0.137904761905,5798.33333333,0.6868095238099999,17.1714285714,2.4952380952400004,0.9501904761900001,0.291661904762,4.85254761905e-05,0.795976190476,0.0370378571429,6.27814285714e-06,4.990476190480001,124.73809523799999,0.298023809524,2110.0,0.017236261904799998,10910.0,1.0338,0.9386,0.6472,15840.0,1.876,46.93,1.453,0.2216,70.06,0.004422,0.9996,0.041667,2.6441000000000002e-06,2.903,72.58,0.305,2110.0,0.02037,12910.6382979,1.0121914893600001,1.1338297872299998,0.76370212766,19170.212766,2.26723404255,56.6829787234,1.4842553191499999,0.24517021276599998,69.77872340430001,0.0036329787234,0.9994255319149999,0.0390906382979,2.0442978723400003e-06,2.96723404255,74.1978723404,0.302042553191,2112.55319149,0.017221489361700003
2329.28571429,1.0463809523799998,0.34342857142899996,0.137904761905,5798.33333333,0.6868095238099999,17.1714285714,2.4952380952400004,0.9501904761900001,0.291661904762,4.85254761905e-05,0.795976190476,0.0370378571429,6.27814285714e-06,4.990476190480001,124.73809523799999,0.298023809524,2110.0,0.017236261904799998,10690.0,1.048,1.137,0.633,19180.0,2.276,56.86,1.8,0.8893,7.655,0.0003984,0.9945,0.043858999999999995,2.2665000000000002e-06,3.6010000000000004,89.98,0.3061,2110.0,0.0182674,12418.3673469,1.0224081632700002,1.2483673469399998,0.737448979592,21044.8979592,2.49755102041,62.4448979592,1.69448979592,0.702306122449,25.008163265300002,0.0011837755102,0.9984285714290001,0.0390587755102,1.8645306122400002e-06,3.39163265306,84.7673469388,0.301591836735,2104.69387755,0.017455510204099998
2329.28571429,1.0463809523799998,0.34342857142899996,0.137904761905,5798.33333333,0.6868095238099999,17.1714285714,2.4952380952400004,0.9501904761900001,0.291661904762,4.85254761905e-05,0.795976190476,0.0370378571429,6.27814285714e-06,4.990476190480001,124.73809523799999,0.298023809524,2110.0,0.017236261904799998,10468.888888899999,0.9886666666670001,0.805777777778,0.62,13611.111111100001,1.61222222222,40.277777777800004,1.29888888889,0.871,9.38222222222,0.000688888888889,0.974111111111,0.035344444444400006,2.58333333333e-06,2.60111111111,64.9777777778,0.30244444444400004,2111.11111111,0.0169733333333,12895.6521739,1.0101521739100001,1.09032608696,0.763347826087,18413.0434783,2.18043478261,54.5152173913,1.4291304347799998,0.9035434782610001,7.959434782610001,0.0004389878260869999,0.9640434782610001,0.0446260869565,2.42265217391e-06,2.85913043478,71.4630434783,0.308369565217,2110.86956522,0.0190058695652
2329.28571429,1.0463809523799998,0.34342857142899996,0.137904761905,5798.33333333,0.6868095238099999,17.1714285714,2.4952380952400004,0.9501904761900001,0.291661904762,4.85254761905e-05,0.795976190476,0.0370378571429,6.27814285714e-06,4.990476190480001,124.73809523799999,0.298023809524,2110.0,0.017236261904799998,11930.0,1.0014,1.3459999999999999,0.7096,22620.0,2.6919999999999997,67.33,1.9,0.9233,5.666,0.00025069999999999997,0.9931,0.040872000000000006,1.837e-06,3.798,94.97,0.3033,2100.0,0.0189763,14671.6981132,1.01245283019,1.3741509434,0.872528301887,23124.5283019,2.74943396226,68.7452830189,1.5766037735799998,0.990471698113,0.41194339622599996,1.77709433962e-05,0.889471698113,0.0376433962264,1.62467924528e-06,3.15396226415,78.84905660380001,0.301867924528,2101.50943396,0.017239150943400002
2329.28571429,1.0463809523799998,0.34342857142899996,0.137904761905,5798.33333333,0.6868095238099999,17.1714285714,2.4952380952400004,0.9501904761900001,0.291661904762,4.85254761905e-05,0.795976190476,0.0370378571429,6.27814285714e-06,4.990476190480001,124.73809523799999,0.298023809524,2110.0,0.017236261904799998,8656.0,1.0133,0.9159999999999999,0.5151,15390.0,1.8330000000000002,45.8,1.7790000000000001,0.9838,0.9846,6.518e-05,0.9634,0.036371,2.4162e-06,3.557,88.94,0.3017,2100.0,0.0159255,10756.8181818,1.0074772727299999,1.05425,0.637590909091,17793.181818200002,2.10954545455,52.740909090900004,1.65522727273,0.980613636364,1.2680681818200001,7.17795454545e-05,0.916409090909,0.04043181818180001,2.26093181818e-06,3.31,82.75,0.30475,2107.5,0.019067272727299998
2329.28571429,1.0463809523799998,0.34342857142899996,0.137904761905,5798.33333333,0.6868095238099999,17.1714285714,2.4952380952400004,0.9501904761900001,0.291661904762,4.85254761905e-05,0.795976190476,0.0370378571429,6.27814285714e-06,4.990476190480001,124.73809523799999,0.298023809524,2110.0,0.017236261904799998,12840.0,1.0176,1.139,0.7557,19400.0,2.281,57.02,1.51,0.8564,15.85,0.0008187999999999998,0.9961,0.03322,1.7048e-06,3.0210000000000004,75.48,0.303,2125.0,0.016505000000000002,14917.857142899999,1.00835714286,1.19319642857,0.885428571429,20092.8571429,2.38517857143,59.6392857143,1.3476785714300001,0.8508928571430001,11.0778571429,0.000552321428571,0.991178571429,0.0392142857143,1.95496428571e-06,2.69589285714,67.39821428569999,0.304410714286,2106.07142857,0.0185744642857
2329.28571429,1.0463809523799998,0.34342857142899996,0.137904761905,5798.33333333,0.6868095238099999,17.1714285714,2.4952380952400004,0.9501904761900001,0.291661904762,4.85254761905e-05,0.795976190476,0.0370378571429,6.27814285714e-06,4.990476190480001,124.73809523799999,0.298023809524,2110.0,0.017236261904799998,15960.0,1.0199,1.264,0.948,21290.0,2.53,63.27,1.335,0.6772,24.29,0.0011405999999999999,0.9966,0.05042,2.3975e-06,2.6719999999999997,66.75,0.3115,2105.0,0.018414,15915.7142857,0.9603285714290001,1.2573,0.9460428571430001,21150.0,2.5157142857099997,62.8785714286,1.32842857143,0.593614285714,31.3642857143,0.00148557142857,0.9985571428569999,0.03698528571430001,1.77452857143e-06,2.6567142857099997,66.4128571429,0.301742857143,2101.42857143,0.0164122857143
2329.28571429,1.0463809523799998,0.34342857142899996,0.137904761905,5798.33333333,0.6868095238099999,17.1714285714,2.4952380952400004,0.9501904761900001,0.291661904762,4.85254761905e-05,0.795976190476,0.0370378571429,6.27814285714e-06,4.990476190480001,124.73809523799999,0.298023809524,2110.0,0.017236261904799998,7624.0,1.0126,0.7401,0.4535,12430.0,1.479,37.01,1.6340000000000001,0.8534,5.547000000000001,0.00044370000000000005,0.9072,0.03848,3.0519999999999997e-06,3.2680000000000002,81.69,0.3031,2100.0,0.018621000000000002,9795.90909091,1.01386363636,1.00247727273,0.5815,16909.0909091,2.00568181818,50.1454545455,1.72568181818,0.832681818182,6.2768181818199995,0.000373181818182,0.986522727273,0.0366259090909,2.16513636364e-06,3.45227272727,86.2977272727,0.302386363636,2105.22727273,0.017650227272700002
2329.28571429,1.0463809523799998,0.34342857142899996,0.137904761905,5798.33333333,0.6868095238099999,17.1714285714,2.4952380952400004,0.9501904761900001,0.291661904762,4.85254761905e-05,0.795976190476,0.0370378571429,6.27814285714e-06,4.990476190480001,124.73809523799999,0.298023809524,2110.0,0.017236261904799998,11360.0,0.9901,1.016,0.6744,17120.0,2.031,50.77,1.507,0.8214,8.347999999999999,0.0004913000000000001,0.9295,0.03637,2.1318e-06,3.013,75.35,0.3022,2105.0,0.016819,13901.886792500001,1.01498113208,1.17773584906,0.8263584905660001,19816.981132099998,2.3556603773599996,58.8830188679,1.4262264150900001,0.7687169811319999,12.2745283019,0.0006203773584909999,0.989433962264,0.0370522641509,1.87764150943e-06,2.85358490566,71.3226415094,0.303018867925,2102.64150943,0.0170486792453
2182.22222222,0.9746666666670001,0.322,0.13,5412.22222222,0.643888888889,16.1222222222,2.48333333333,0.941555555556,0.314666666667,5.64555555556e-05,0.809,0.04256666666669999,7.80444444444e-06,4.96666666667,124.111111111,0.299888888889,2100.0,0.025466666666700003,11800.0,0.9839,1.311,0.6969,22180.0,2.6210000000000004,65.53,1.882,0.9038,3.017,0.0001361,0.9885,0.035910000000000004,1.6340000000000002e-06,3.765,94.09,0.3023,2114.0,0.017091,15160.0,1.0327,1.3869999999999998,0.8987,23400.0,2.773,69.33,1.5419999999999998,0.9104,3.225,0.00013759999999999998,0.9838,0.05424,2.3195e-06,3.0860000000000003,77.15,0.3112,2108.0,0.026139999999999997
2182.22222222,0.9746666666670001,0.322,0.13,5412.22222222,0.643888888889,16.1222222222,2.48333333333,0.941555555556,0.314666666667,5.64555555556e-05,0.809,0.04256666666669999,7.80444444444e-06,4.96666666667,124.111111111,0.299888888889,2100.0,0.025466666666700003,11800.0,1.0189,0.9906,0.7023,16640.0,1.979,49.49,1.413,0.7469,12.366,0.0007414,0.9790000000000001,0.04083,2.423e-06,2.823,70.6,0.3052,2100.0,0.019459999999999998,14033.333333300001,1.0141666666700002,1.18666666667,0.8346666666670001,19916.6666667,2.37,59.25,1.42,0.748166666667,12.9633333333,0.000647416666667,0.98925,0.04261666666669999,2.14291666667e-06,2.84,71.0166666667,0.30575,2100.0,0.0237916666667
2182.22222222,0.9746666666670001,0.322,0.13,5412.22222222,0.643888888889,16.1222222222,2.48333333333,0.941555555556,0.314666666667,5.64555555556e-05,0.809,0.04256666666669999,7.80444444444e-06,4.96666666667,124.111111111,0.299888888889,2100.0,0.025466666666700003,15870.0,1.0105,1.193,0.9449,20030.0,2.384,59.59,1.264,0.6196,32.31,0.001611,0.9982,0.03879,1.9478000000000002e-06,2.524,63.13,0.3014,2100.0,0.016982,16713.3333333,1.0124666666700002,1.3226666666700002,0.993466666667,22240.0,2.64466666667,66.14,1.33133333333,0.621133333333,35.6933333333,0.0016093333333299998,0.998466666667,0.045919999999999996,2.08646666667e-06,2.65933333333,66.5133333333,0.30666666666700004,2101.33333333,0.02392
2182.22222222,0.9746666666670001,0.322,0.13,5412.22222222,0.643888888889,16.1222222222,2.48333333333,0.941555555556,0.314666666667,5.64555555556e-05,0.809,0.04256666666669999,7.80444444444e-06,4.96666666667,124.111111111,0.299888888889,2100.0,0.025466666666700003,10335.0,1.0129,1.146,0.6117,19350.0,2.291,57.3,1.8719999999999999,0.8106,15.89,0.0008112999999999999,0.9974,0.04148,2.1414e-06,3.7439999999999998,93.6,0.304,2110.0,0.018753,12420.0,1.0266,1.359,0.7290000000000001,23150.0,2.718,67.97,1.867,0.5369,43.8,0.001888,0.9990000000000001,0.04376,1.8907e-06,3.735,93.38,0.3085,2127.0,0.02493
2182.22222222,0.9746666666670001,0.322,0.13,5412.22222222,0.643888888889,16.1222222222,2.48333333333,0.941555555556,0.314666666667,5.64555555556e-05,0.809,0.04256666666669999,7.80444444444e-06,4.96666666667,124.111111111,0.299888888889,2100.0,0.025466666666700003,8595.0,1.01,0.878,0.5111,14770.0,1.757,43.9,1.719,0.9948,0.3154,2.1301999999999997e-05,0.8664,0.030639,2.0809e-06,3.4360000000000004,85.91,0.298,2102.0,0.0150838,10766.6666667,0.997111111111,1.05522222222,0.6334444444439999,17888.888888900005,2.10777777778,52.7222222222,1.66444444444,0.9253333333329999,4.5822222222199995,0.00025713333333300003,0.985333333333,0.0554,3.0333333333299997e-06,3.33111111111,83.2444444444,0.31533333333299995,2126.66666667,0.029377777777800002
2182.22222222,0.9746666666670001,0.322,0.13,5412.22222222,0.643888888889,16.1222222222,2.48333333333,0.941555555556,0.314666666667,5.64555555556e-05,0.809,0.04256666666669999,7.80444444444e-06,4.96666666667,124.111111111,0.299888888889,2100.0,0.025466666666700003,10478.888888899999,0.977111111111,0.924222222222,0.6154444444439999,15744.4444444,1.85,46.2333333333,1.5022222222200001,0.275,56.0888888889,0.00357888888889,0.9993333333329999,0.035176666666699996,2.2128888888900003e-06,3.00666666667,75.1111111111,0.30366666666700004,2128.88888889,0.0178811111111,13100.0,1.0256363636399999,1.15636363636,0.7759090909090001,19536.3636364,2.31454545455,57.8545454545,1.49090909091,0.212,74.3454545455,0.0037936363636399996,0.999272727273,0.050981818181800004,2.65272727273e-06,2.98272727273,74.5636363636,0.308909090909,2110.0,0.0269181818182
2182.22222222,0.9746666666670001,0.322,0.13,5412.22222222,0.643888888889,16.1222222222,2.48333333333,0.941555555556,0.314666666667,5.64555555556e-05,0.809,0.04256666666669999,7.80444444444e-06,4.96666666667,124.111111111,0.299888888889,2100.0,0.025466666666700003,10564.444444399998,0.998111111111,0.8725555555560001,0.6265555555560001,14722.2222222,1.74333333333,43.6333333333,1.38888888889,0.816222222222,13.1677777778,0.0009075555555560002,0.9946666666670001,0.035544444444400004,2.37677777778e-06,2.78,69.48888888890001,0.302888888889,2106.66666667,0.0159955555556,12681.8181818,0.993909090909,1.0059090909100001,0.745818181818,17109.0909091,2.01090909091,50.2727272727,1.35,0.853727272727,10.5090909091,0.000620090909091,0.971909090909,0.050018181818199996,2.88518181818e-06,2.6990909090900006,67.4727272727,0.314,2122.72727273,0.0263636363636
2182.22222222,0.9746666666670001,0.322,0.13,5412.22222222,0.643888888889,16.1222222222,2.48333333333,0.941555555556,0.314666666667,5.64555555556e-05,0.809,0.04256666666669999,7.80444444444e-06,4.96666666667,124.111111111,0.299888888889,2100.0,0.025466666666700003,12930.0,1.0227,1.0825,0.7681,18260.0,2.167,54.14,1.4069999999999998,0.8697,11.809000000000001,0.0006473,0.9909,0.04105,2.3186e-06,2.8169999999999997,70.43,0.3057,2106.0,0.01939,14836.3636364,0.9965454545450001,1.20636363636,0.874272727273,20481.818181799998,2.41636363636,60.3818181818,1.38090909091,0.924,8.990909090910002,0.00044045454545499997,0.9601818181820001,0.0421545454545,2.07554545455e-06,2.7636363636400003,69.0727272727,0.307454545455,2121.81818182,0.024445454545499998
2182.22222222,0.9746666666670001,0.322,0.13,5412.22222222,0.643888888889,16.1222222222,2.48333333333,0.941555555556,0.314666666667,5.64555555556e-05,0.809,0.04256666666669999,7.80444444444e-06,4.96666666667,124.111111111,0.299888888889,2100.0,0.025466666666700003,8007.0,1.0341,0.76,0.4721,12900.0,1.5190000000000001,37.98,1.609,0.7845,6.825,0.0005313,0.9325,0.057047,4.6439e-06,3.222,80.55,0.3206,2120.0,0.022761,9698.0,1.0021,1.0145,0.5729,17180.0,2.031,50.76,1.776,0.9217,5.92,0.00034360000000000006,0.9665,0.04548,2.662e-06,3.549,88.71,0.3083,2115.0,0.02538
2182.22222222,0.9746666666670001,0.322,0.13,5412.22222222,0.643888888889,16.1222222222,2.48333333333,0.941555555556,0.314666666667,5.64555555556e-05,0.809,0.04256666666669999,7.80444444444e-06,4.96666666667,124.111111111,0.299888888889,2100.0,0.025466666666700003,13750.0,0.9883,0.9587,0.8169,16130.0,1.9180000000000001,47.94,1.175,0.1631,145.9,0.009049,0.9997,0.04974,3.101e-06,2.35,58.73,0.3038,2103.0,0.017347,15878.571428600002,1.0084285714299999,1.0757142857100002,0.946,18050.0,2.14785714286,53.7,1.13571428571,0.185785714286,127.45,0.007005,0.999642857143,0.0482714285714,2.65964285714e-06,2.27642857143,56.85,0.305214285714,2100.0,0.0237857142857
2345.0,1.0015,0.337,0.13699999999999998,5765.0,0.6735,16.825,2.4625,0.92375,0.43775,7.58e-05,0.82025,0.064075,1.10925e-05,4.925,123.25,0.31825,2137.5,0.0452,12520.0,0.9857,0.9426,0.7393,15980.0,1.8869999999999998,47.13,1.276,0.8215,13.24,0.0008333,0.9939,0.036775,2.3390999999999998e-06,2.548,63.74,0.3051,2116.0,0.014969,15283.333333300001,1.0318333333299998,1.1933333333299998,0.903,20233.3333333,2.38666666667,59.7,1.32166666667,0.8628333333329999,10.685,0.000528833333333,0.9788333333329999,0.04841666666669999,2.395e-06,2.645,66.1166666667,0.3115,2120.0,0.0301166666667
2345.0,1.0015,0.337,0.13699999999999998,5765.0,0.6735,16.825,2.4625,0.92375,0.43775,7.58e-05,0.82025,0.064075,1.10925e-05,4.925,123.25,0.31825,2137.5,0.0452,7369.0,0.9761,0.7297,0.4379,12280.0,1.46,36.48,1.6680000000000001,0.8584,5.081,0.0004122,0.9016,0.03323,2.691e-06,3.3339999999999996,83.36,0.2998,2103.0,0.015318,10140.0,1.0324,1.02,0.5906,17500.0,2.04,51.0,1.732,0.9264,4.6578,0.0002677,0.8726,0.05646,3.2560000000000003e-06,3.46,86.52,0.3206,2140.0,0.036000000000000004
2345.0,1.0015,0.337,0.13699999999999998,5765.0,0.6735,16.825,2.4625,0.92375,0.43775,7.58e-05,0.82025,0.064075,1.10925e-05,4.925,123.25,0.31825,2137.5,0.0452,11680.0,1.0029,1.005,0.6905,16990.0,2.009,50.24,1.455,0.7731,11.152999999999999,0.000659,0.9652,0.04337,2.575e-06,2.909,72.72,0.3089,2114.0,0.01985,14080.0,1.0068,1.178,0.8222,20160.0,2.352,58.82,1.432,0.843,8.764,0.00043319999999999996,0.9142,0.05624,2.798e-06,2.862,71.58,0.3192,2138.0,0.0344
2345.0,1.0015,0.337,0.13699999999999998,5765.0,0.6735,16.825,2.4625,0.92375,0.43775,7.58e-05,0.82025,0.064075,1.10925e-05,4.925,123.25,0.31825,2137.5,0.0452,10337.0,0.9741,0.8492,0.6106,14390.0,1.6980000000000002,42.46,1.392,0.1738,72.66,0.005058,0.9995,0.04163,2.9435000000000003e-06,2.784,69.58,0.305,2116.0,0.018358000000000003,13380.0,1.0362,1.14,0.7794,19540.0,2.28,57.0,1.462,0.1696,86.94,0.00445,0.9992,0.055920000000000004,2.874e-06,2.928,73.2,0.3136,2152.0,0.03406
2345.0,1.0015,0.337,0.13699999999999998,5765.0,0.6735,16.825,2.4625,0.92375,0.43775,7.58e-05,0.82025,0.064075,1.10925e-05,4.925,123.25,0.31825,2137.5,0.0452,10480.0,0.9948,0.9446,0.6244,15850.0,1.889,47.2,1.5130000000000001,0.9379,5.3055,0.00034576,0.9411,0.033960000000000004,2.1152e-06,3.0239999999999996,75.58,0.3002,2100.0,0.016405,13260.0,1.038,1.094,0.7878,18440.0,2.19,54.72,1.3940000000000001,0.8370000000000001,11.995999999999999,0.0006552000000000001,0.9866,0.06694,3.678e-06,2.78,69.56,0.3218,2110.0,0.03802
2345.0,1.0015,0.337,0.13699999999999998,5765.0,0.6735,16.825,2.4625,0.92375,0.43775,7.58e-05,0.82025,0.064075,1.10925e-05,4.925,123.25,0.31825,2137.5,0.0452,10600.0,1.01911111111,1.16,0.6114444444439999,20100.0,2.31777777778,57.9444444444,1.8988888888900002,0.8562222222220001,8.45888888889,0.00042155555555599997,0.9952222222220001,0.041422222222199996,2.06944444444e-06,3.79888888889,94.9555555556,0.311444444444,2166.66666667,0.018845555555599997,12040.0,0.9734,1.274,0.7094,21600.0,2.546,63.68,1.794,0.6254,31.74,0.00147,0.9984,0.0535,2.5340000000000002e-06,3.592,89.76,0.314,2116.0,0.03362
2345.0,1.0015,0.337,0.13699999999999998,5765.0,0.6735,16.825,2.4625,0.92375,0.43775,7.58e-05,0.82025,0.064075,1.10925e-05,4.925,123.25,0.31825,2137.5,0.0452,11490.0,0.9719,1.275,0.6811,21530.0,2.5469999999999997,63.68,1.8719999999999999,0.9798,0.564,2.688e-05,0.9398,0.0363,1.7544999999999999e-06,3.7430000000000003,93.53,0.3018,2111.0,0.015746200000000002,15140.0,1.048,1.41,0.8928,23960.0,2.826,70.64,1.5819999999999999,0.9742,0.9874,4.114e-05,0.9502,0.05038,2.0972e-06,3.168,79.16,0.3114,2120.0,0.03316
2345.0,1.0015,0.337,0.13699999999999998,5765.0,0.6735,16.825,2.4625,0.92375,0.43775,7.58e-05,0.82025,0.064075,1.10925e-05,4.925,123.25,0.31825,2137.5,0.0452,8403.0,0.9878,0.8898,0.5,14960.0,1.7790000000000001,44.48,1.78,0.9916,0.5717,3.836e-05,0.9279,0.03555,2.3812e-06,3.5610000000000004,89.02,0.3012,2100.0,0.016158000000000002,11150.0,1.0375,1.0675,0.65725,18125.0,2.135,53.375,1.625,0.9075,6.16,0.00034075,0.9905,0.06275,3.4975e-06,3.245,81.15,0.3185,2130.0,0.036975
2345.0,1.0015,0.337,0.13699999999999998,5765.0,0.6735,16.825,2.4625,0.92375,0.43775,7.58e-05,0.82025,0.064075,1.10925e-05,4.925,123.25,0.31825,2137.5,0.0452,15300.0,0.9853,1.149,0.9086,19340.0,2.299,57.49,1.266,0.5704,34.47,0.001786,0.9989,0.030869999999999998,1.601e-06,2.532,63.27,0.2983,2103.0,0.012752,17157.1428571,1.0457142857100001,1.3414285714299998,1.01614285714,22657.1428571,2.68,66.9857142857,1.32428571429,0.616571428571,39.2142857143,0.00173285714286,0.997714285714,0.0734857142857,3.2471428571400003e-06,2.64571428571,66.1285714286,0.324428571429,2111.42857143,0.036000000000000004
2345.0,1.0015,0.337,0.13699999999999998,5765.0,0.6735,16.825,2.4625,0.92375,0.43775,7.58e-05,0.82025,0.064075,1.10925e-05,4.925,123.25,0.31825,2137.5,0.0452,14020.0,0.9948,0.8534,0.8328,14370.0,1.706,42.66,1.0247,0.204,127.7,0.008902,0.9996,0.04778,3.3310000000000004e-06,2.05,51.22,0.3027,2103.0,0.019165,15966.666666699999,1.00716666667,1.05166666667,0.925,18100.0,2.10166666667,52.55,1.13666666667,0.198333333333,54.3333333333,0.00299666666667,0.998833333333,0.051033333333300006,2.80333333333e-06,2.27166666667,56.7833333333,0.3165,2153.33333333,0.028966666666700003
2321.5625,1.048875,0.34496875,0.1380625,5798.125,0.6896875,17.246875,2.5021875,0.95109375,0.283671875,4.7214375e-05,0.78828125,0.0385565625,6.5289374999999995e-06,5.0034375,125.15625,0.2973125,2100.0,0.01824978125,15660.0,1.0222,1.196,0.9298,20130.0,2.391,59.79,1.288,0.6826,27.84,0.001382,0.9976,0.04477,2.2313e-06,2.575,64.39,0.3055,2105.0,0.020509,15968.518518500001,0.946759259259,1.23201851852,0.931444444444,21116.6666667,2.46407407407,61.611111111099994,1.32296296296,0.643574074074,28.746296296300002,0.0013674074074100002,0.9982222222220001,0.0407483333333,1.9578888888900002e-06,2.64722222222,66.1648148148,0.308833333333,2143.33333333,0.0179553703704
2321.5625,1.048875,0.34496875,0.1380625,5798.125,0.6896875,17.246875,2.5021875,0.95109375,0.283671875,4.7214375e-05,0.78828125,0.0385565625,6.5289374999999995e-06,5.0034375,125.15625,0.2973125,2100.0,0.01824978125,11610.0,0.9994,1.0368,0.6871,17550.0,2.076,51.89,1.5130000000000001,0.8307,7.388,0.0004243,0.8966,0.034099000000000004,1.9472e-06,3.0239999999999996,75.6,0.302,2112.0,0.014967,14183.333333300001,1.0161190476200002,1.20714285714,0.8351428571430001,20514.2857143,2.41571428571,60.38809523810001,1.4471428571399998,0.778738095238,11.9071428571,0.000579523809524,0.97869047619,0.0377971428571,1.8507380952400002e-06,2.89642857143,72.41190476189999,0.306214285714,2124.04761905,0.018296428571400004
2321.5625,1.048875,0.34496875,0.1380625,5798.125,0.6896875,17.246875,2.5021875,0.95109375,0.283671875,4.7214375e-05,0.78828125,0.0385565625,6.5289374999999995e-06,5.0034375,125.15625,0.2973125,2100.0,0.01824978125,8706.66666667,1.01211111111,0.904777777778,0.512888888889,15377.7777778,1.81,45.244444444399996,1.76333333333,0.9927777777779999,0.444222222222,2.87055555556e-05,0.889444444444,0.0344333333333,2.23888888889e-06,3.53,88.2333333333,0.302777777778,2121.11111111,0.015462222222200001,10880.0,1.01185714286,1.128,0.640657142857,19168.571428599997,2.25657142857,56.391428571400006,1.7617142857099999,0.9427714285709999,4.33514285714,0.00022648571428599996,0.991228571429,0.0399625714286,2.0846e-06,3.52142857143,88.0457142857,0.306171428571,2123.71428571,0.019527142857099996
2321.5625,1.048875,0.34496875,0.1380625,5798.125,0.6896875,17.246875,2.5021875,0.95109375,0.283671875,4.7214375e-05,0.78828125,0.0385565625,6.5289374999999995e-06,5.0034375,125.15625,0.2973125,2100.0,0.01824978125,10539.0,1.05,1.196,0.6259,20150.0,2.397,59.89,1.916,0.8422,10.497,0.0005208,0.997,0.032974,1.6478e-06,3.832,95.81,0.2985,2100.0,0.012676999999999999,12435.135135100001,1.01589189189,1.30702702703,0.736675675676,22075.6756757,2.61405405405,65.3459459459,1.77675675676,0.677189189189,26.1702702703,0.00118386486486,0.9984324324320001,0.040002972973000005,1.82878378378e-06,3.5529729729699997,88.82702702700001,0.303945945946,2110.81081081,0.018799945945900003
2321.5625,1.048875,0.34496875,0.1380625,5798.125,0.6896875,17.246875,2.5021875,0.95109375,0.283671875,4.7214375e-05,0.78828125,0.0385565625,6.5289374999999995e-06,5.0034375,125.15625,0.2973125,2100.0,0.01824978125,12840.0,1.0208,1.1740000000000002,0.7648,19690.0,2.343,58.62,1.534,0.8841,14.255999999999998,0.0007202999999999999,0.9948,0.0354,1.7955000000000002e-06,3.0660000000000003,76.64,0.301,2100.0,0.01772,14921.951219499999,1.0092195122,1.2375609756100001,0.886073170732,20843.902438999998,2.47634146341,61.912195122,1.39780487805,0.916951219512,10.2585365854,0.000492536585366,0.987902439024,0.0361582926829,1.735e-06,2.79390243902,69.8609756098,0.302024390244,2104.14634146,0.0174631707317
2321.5625,1.048875,0.34496875,0.1380625,5798.125,0.6896875,17.246875,2.5021875,0.95109375,0.283671875,4.7214375e-05,0.78828125,0.0385565625,6.5289374999999995e-06,5.0034375,125.15625,0.2973125,2100.0,0.01824978125,10747.0,1.0129,0.9033,0.6312,15370.0,1.806,45.18,1.436,0.9214,5.5039,0.00037178,0.9621,0.043519999999999996,2.8775999999999998e-06,2.8710000000000004,71.77,0.3107,2129.0,0.020669999999999997,12863.888888899999,1.00894444444,1.08413888889,0.761305555556,18338.888888900005,2.16916666667,54.2277777778,1.42444444444,0.839333333333,11.7405555556,0.000640166666667,0.989472222222,0.0423305555556,2.30366666667e-06,2.84666666667,71.1777777778,0.307416666667,2111.94444444,0.0200061111111
2321.5625,1.048875,0.34496875,0.1380625,5798.125,0.6896875,17.246875,2.5021875,0.95109375,0.283671875,4.7214375e-05,0.78828125,0.0385565625,6.5289374999999995e-06,5.0034375,125.15625,0.2973125,2100.0,0.01824978125,7596.0,1.0077,0.7472,0.452,12550.0,1.495,37.37,1.655,0.8401,6.166,0.0004908,0.9469,0.035410000000000004,2.82e-06,3.3089999999999997,82.75,0.3016,2100.0,0.016597999999999998,9764.85714286,1.01094285714,1.01085714286,0.578114285714,17080.0,2.02228571429,50.54,1.75057142857,0.8926285714290001,4.99442857143,0.000293742857143,0.957828571429,0.0379605714286,2.22951428571e-06,3.4997142857099997,87.5085714286,0.304228571429,2112.57142857,0.018323428571400003
2321.5625,1.048875,0.34496875,0.1380625,5798.125,0.6896875,17.246875,2.5021875,0.95109375,0.283671875,4.7214375e-05,0.78828125,0.0385565625,6.5289374999999995e-06,5.0034375,125.15625,0.2973125,2100.0,0.01824978125,12077.7777778,0.9926666666670001,1.21111111111,0.714555555556,20444.4444444,2.4211111111099997,60.54444444439999,1.7,0.980444444444,0.606222222222,2.94888888889e-05,0.941333333333,0.0351666666667,1.71611111111e-06,3.39888888889,85.0,0.300777777778,2108.88888889,0.01756,14652.380952399999,1.0110952381,1.36261904762,0.8702142857140001,22947.619047599997,2.7257142857099996,68.1404761905,1.56904761905,0.934904761905,4.107380952380001,0.00017904761904799998,0.9911428571430001,0.038124047619,1.66561904762e-06,3.13666666667,78.430952381,0.302380952381,2104.28571429,0.017237952381
2321.5625,1.048875,0.34496875,0.1380625,5798.125,0.6896875,17.246875,2.5021875,0.95109375,0.283671875,4.7214375e-05,0.78828125,0.0385565625,6.5289374999999995e-06,5.0034375,125.15625,0.2973125,2100.0,0.01824978125,13700.0,0.9812,0.945,0.8118,15940.0,1.89,47.26,1.167,0.1766,146.4,0.009188,0.9998,0.044341000000000005,2.8216000000000002e-06,2.333,58.36,0.3023,2106.0,0.015811000000000002,14853.8461538,0.940076923077,1.0455,0.879461538462,17653.846153799997,2.0909615384599998,52.275,1.1896153846200002,0.158923076923,128.346153846,0.0072044230769200005,0.999634615385,0.043015,2.4580769230799998e-06,2.37807692308,59.451923076899995,0.303692307692,2111.53846154,0.0180463461538
2321.5625,1.048875,0.34496875,0.1380625,5798.125,0.6896875,17.246875,2.5021875,0.95109375,0.283671875,4.7214375e-05,0.78828125,0.0385565625,6.5289374999999995e-06,5.0034375,125.15625,0.2973125,2100.0,0.01824978125,10630.0,1.006,0.9172,0.6291,15500.0,1.834,45.86,1.456,0.1481,81.88,0.005268999999999999,0.9996,0.040324,2.6147e-06,2.915,72.86,0.305,2112.0,0.019515,12841.6666667,1.01125,1.1819444444399998,0.761694444444,19919.4444444,2.36194444444,59.0555555556,1.55083333333,0.21258333333299997,87.0527777778,0.0043861111111099995,0.9997777777779999,0.0407058333333,2.0478055555599998e-06,3.1005555555599997,77.5305555556,0.304138888889,2106.38888889,0.0182019444444
2328.69565217,1.0452173913,0.34439130434799997,0.138347826087,5788.26086957,0.688608695652,17.213043478299998,2.4917391304299996,0.9468260869570001,0.316126086957,5.35434782609e-05,0.801173913043,0.039397826087,6.75247826087e-06,4.983478260869999,124.652173913,0.297695652174,2100.0,0.0198729130435,7790.0,1.0136,0.7475,0.4603,12660.0,1.495,37.39,1.626,0.8526,6.138999999999999,0.00048269999999999997,0.8729,0.043102,3.4524e-06,3.252,81.28,0.308,2116.0,0.019599000000000002,9702.8,1.0096399999999999,1.01968,0.57204,17288.0,2.0380000000000003,50.956,1.7844,0.9135200000000001,3.71564,0.0002170564,0.9054399999999999,0.048852,2.80596e-06,3.5684,89.2,0.312,2119.6,0.021704400000000002
2328.69565217,1.0452173913,0.34439130434799997,0.138347826087,5788.26086957,0.688608695652,17.213043478299998,2.4917391304299996,0.9468260869570001,0.316126086957,5.35434782609e-05,0.801173913043,0.039397826087,6.75247826087e-06,4.983478260869999,124.652173913,0.297695652174,2100.0,0.0198729130435,13280.0,0.8455,0.9937,0.7897,16720.0,1.9880000000000002,49.69,1.26,0.6339,27.81,0.001667,0.9984,0.033107,1.9735e-06,2.52,62.98,0.2989,2103.0,0.012889,16763.8888889,1.0059166666700001,1.3080555555600002,0.9879166666670001,22202.777777799998,2.6161111111099995,65.425,1.32361111111,0.657055555556,28.569444444400002,0.00128836111111,0.998055555556,0.042658333333300005,1.94163888889e-06,2.64777777778,66.2027777778,0.307194444444,2121.66666667,0.019758333333299998
2328.69565217,1.0452173913,0.34439130434799997,0.138347826087,5788.26086957,0.688608695652,17.213043478299998,2.4917391304299996,0.9468260869570001,0.316126086957,5.35434782609e-05,0.801173913043,0.039397826087,6.75247826087e-06,4.983478260869999,124.652173913,0.297695652174,2100.0,0.0198729130435,8721.0,1.0203,0.9096,0.5176,15310.0,1.818,45.49,1.7590000000000001,0.9226,4.427,0.0002891,0.991,0.041139999999999996,2.6498e-06,3.514,87.87,0.3055,2105.0,0.015229,10733.3333333,0.9995,1.1308333333299998,0.6357916666669999,19091.6666667,2.26333333333,56.55,1.7804166666699999,0.988166666667,0.9003333333329999,4.72583333333e-05,0.956375,0.042040833333300005,2.20775e-06,3.56083333333,89.0,0.305083333333,2107.08333333,0.02086375
2328.69565217,1.0452173913,0.34439130434799997,0.138347826087,5788.26086957,0.688608695652,17.213043478299998,2.4917391304299996,0.9468260869570001,0.316126086957,5.35434782609e-05,0.801173913043,0.039397826087,6.75247826087e-06,4.983478260869999,124.652173913,0.297695652174,2100.0,0.0198729130435,12010.0,0.9848,1.2409999999999999,0.7101,20950.0,2.478,61.93,1.745,0.9888,0.4002,1.9274000000000002e-05,0.8847,0.03073,1.469e-06,3.491,87.29,0.2992,2113.0,0.012928,14713.793103400001,1.01265517241,1.3606896551700003,0.8683103448280001,23068.965517200002,2.72275862069,68.0655172414,1.5693103448299999,0.981655172414,0.781620689655,3.45665517241e-05,0.8976551724140001,0.040403448275900006,1.7584482758599998e-06,3.1389655172400004,78.4551724138,0.30544827586199996,2118.27586207,0.0185899655172
2328.69565217,1.0452173913,0.34439130434799997,0.138347826087,5788.26086957,0.688608695652,17.213043478299998,2.4917391304299996,0.9468260869570001,0.316126086957,5.35434782609e-05,0.801173913043,0.039397826087,6.75247826087e-06,4.983478260869999,124.652173913,0.297695652174,2100.0,0.0198729130435,10457.0,0.9887,0.9676,0.6174,16380.0,1.933,48.37,1.57,0.2352,67.56,0.004115,0.9994,0.04339,2.637e-06,3.142,78.51,0.3054,2115.0,0.016193,12818.518518500001,1.0062962963,1.10755555556,0.7609629629629999,18622.222222200002,2.21444444444,55.337037036999995,1.45407407407,0.247,76.0259259259,0.004094814814809999,0.999481481481,0.0467111111111,2.52222222222e-06,2.91,72.74074074069999,0.30637037037,2103.33333333,0.022235555555599997
2328.69565217,1.0452173913,0.34439130434799997,0.138347826087,5788.26086957,0.688608695652,17.213043478299998,2.4917391304299996,0.9468260869570001,0.316126086957,5.35434782609e-05,0.801173913043,0.039397826087,6.75247826087e-06,4.983478260869999,124.652173913,0.297695652174,2100.0,0.0198729130435,12770.0,1.0258,1.13,0.7559999999999999,19100.0,2.262,56.54,1.4969999999999999,0.9361,7.115,0.00036764,0.9881,0.035392,1.8544e-06,3.0,74.93,0.3031,2111.0,0.014946000000000001,15029.0322581,1.0104516129,1.2290322580600002,0.888677419355,20783.8709677,2.45838709677,61.4709677419,1.3838709677399998,0.857741935484,13.6235483871,0.000655,0.993741935484,0.041548387096800005,2.01567741935e-06,2.7674193548400003,69.16451612899999,0.306903225806,2114.19354839,0.0196316129032
2328.69565217,1.0452173913,0.34439130434799997,0.138347826087,5788.26086957,0.688608695652,17.213043478299998,2.4917391304299996,0.9468260869570001,0.316126086957,5.35434782609e-05,0.801173913043,0.039397826087,6.75247826087e-06,4.983478260869999,124.652173913,0.297695652174,2100.0,0.0198729130435,13960.0,1.0232,0.9742,0.8302,16370.0,1.9469999999999998,48.71,1.1740000000000002,0.1786,153.5,0.009382999999999999,0.9997,0.044125,2.6616e-06,2.35,58.73,0.3003,2101.0,0.014771000000000001,15817.142857100001,1.00788571429,1.1059999999999999,0.9390571428569999,18642.8571429,2.2131428571400003,55.3114285714,1.17914285714,0.170342857143,140.051428571,0.007481999999999999,0.9996571428569999,0.05187428571430001,2.81268571429e-06,2.3577142857099997,58.925714285699996,0.30734285714299997,2106.0,0.0201954285714
2328.69565217,1.0452173913,0.34439130434799997,0.138347826087,5788.26086957,0.688608695652,17.213043478299998,2.4917391304299996,0.9468260869570001,0.316126086957,5.35434782609e-05,0.801173913043,0.039397826087,6.75247826087e-06,4.983478260869999,124.652173913,0.297695652174,2100.0,0.0198729130435,10778.0,1.0191,0.9311,0.6403,15650.0,1.8619999999999999,46.55,1.456,0.9296,4.8017,0.00031777,0.9595,0.03823,2.405e-06,2.908,72.75,0.3035,2101.0,0.015982,12095.714285700002,0.9498928571430001,1.01439285714,0.7183214285709999,17067.8571429,2.03,50.7428571429,1.4178571428600002,0.8420000000000001,14.510714285699999,0.000854285714286,0.9944285714290001,0.04143928571430001,2.46907142857e-06,2.835,70.88571428569999,0.305678571429,2103.21428571,0.0193453571429
2328.69565217,1.0452173913,0.34439130434799997,0.138347826087,5788.26086957,0.688608695652,17.213043478299998,2.4917391304299996,0.9468260869570001,0.316126086957,5.35434782609e-05,0.801173913043,0.039397826087,6.75247826087e-06,4.983478260869999,124.652173913,0.297695652174,2100.0,0.0198729130435,10314.0,1.0490000000000002,1.2009999999999998,0.6114,20280.0,2.405,60.12,1.97,0.8726,10.008,0.0004902,0.997,0.031715,1.5678999999999998e-06,3.94,98.47,0.2979,2108.0,0.014713200000000001,12569.2307692,1.02415384615,1.26807692308,0.7429615384620001,21442.307692299997,2.53653846154,63.3961538462,1.7069230769200001,0.853653846154,10.2923076923,0.00047373076923100003,0.995423076923,0.0388988461538,1.8146923076900001e-06,3.41384615385,85.3576923077,0.303038461538,2116.15384615,0.0189699230769
2328.69565217,1.0452173913,0.34439130434799997,0.138347826087,5788.26086957,0.688608695652,17.213043478299998,2.4917391304299996,0.9468260869570001,0.316126086957,5.35434782609e-05,0.801173913043,0.039397826087,6.75247826087e-06,4.983478260869999,124.652173913,0.297695652174,2100.0,0.0198729130435,11300.0,0.9917,0.9987,0.6716,16800.0,1.9980000000000002,49.93,1.4880000000000002,0.7842,9.831,0.0005901,0.9683,0.032775,1.9244e-06,2.977,74.44,0.3006,2103.0,0.016554,14053.333333300001,1.0073,1.17666666667,0.832233333333,19886.6666667,2.35366666667,58.83,1.416,0.792133333333,11.481,0.0005787000000000001,0.972533333333,0.05519333333330001,2.8111e-06,2.8310000000000004,70.7933333333,0.31736666666700003,2111.66666667,0.0234666666667
2384.07407407,1.06122222222,0.34985185185199996,0.141148148148,5909.25925926,0.699740740741,17.4888888889,2.48333333333,0.942111111111,0.34372962963,5.68222222222e-05,0.801740740741,0.04572481481480001,7.65222222222e-06,4.96777777778,124.25925925899999,0.302925925926,2110.0,0.0210577777778,12993.3333333,0.9982222222220001,0.94,0.7166666666670001,17000.0,1.88333333333,47.04444444439999,1.3166666666700002,0.8562222222220001,13.7855555556,0.000777333333333,0.81,1.49743333333,7.63411111111e-05,2.6322222222200002,65.8222222222,0.8807777777779999,2250.0,0.1172,12843.75,1.01175,1.094375,0.7628125,18431.25,2.1896875,54.728125,1.4340625,0.85578125,12.14375,0.0006593125,0.99059375,0.0470625,2.5340000000000002e-06,2.869375,71.73125,0.31278125,2104.0625,0.01966625
2384.07407407,1.06122222222,0.34985185185199996,0.141148148148,5909.25925926,0.699740740741,17.4888888889,2.48333333333,0.942111111111,0.34372962963,5.68222222222e-05,0.801740740741,0.04572481481480001,7.65222222222e-06,4.96777777778,124.25925925899999,0.302925925926,2110.0,0.0210577777778,7890.0,0.9993,0.7668,0.4648,13000.0,1.534,38.35,1.6569999999999998,0.7951,8.152999999999999,0.0006178,0.9318,0.6741199999999999,5.0007700000000006e-05,3.312,82.82,0.4856,2122.0,0.03556,10047.0,1.0141666666700002,1.0261333333299998,0.592266666667,17420.0,2.05233333333,51.3233333333,1.73666666667,0.8868,4.5373,0.000262003333333,0.939066666667,0.15534,8.559533333330001e-06,3.47466666667,86.85,0.339866666667,2120.33333333,0.024809333333299998
2384.07407407,1.06122222222,0.34985185185199996,0.141148148148,5909.25925926,0.699740740741,17.4888888889,2.48333333333,0.942111111111,0.34372962963,5.68222222222e-05,0.801740740741,0.04572481481480001,7.65222222222e-06,4.96777777778,124.25925925899999,0.302925925926,2110.0,0.0210577777778,10217.0,1.048,1.193,0.6035,20200.0,2.385,59.66,1.98,0.9419,5.62,0.0002783,0.9940000000000001,0.03536,1.7534e-06,3.9589999999999996,98.99,0.3008,2115.0,0.015658000000000002,12454.8387097,1.01532258065,1.20580645161,0.735709677419,20425.806451599998,2.41096774194,60.2806451613,1.64129032258,0.791870967742,12.079677419400001,0.000588064516129,0.996,0.0420867741935,2.09016129032e-06,3.28032258065,82.00967741939999,0.30464516129,2116.77419355,0.0190790322581
2384.07407407,1.06122222222,0.34985185185199996,0.141148148148,5909.25925926,0.699740740741,17.4888888889,2.48333333333,0.942111111111,0.34372962963,5.68222222222e-05,0.801740740741,0.04572481481480001,7.65222222222e-06,4.96777777778,124.25925925899999,0.302925925926,2110.0,0.0210577777778,15490.0,0.9928,1.149,0.9189,19390.0,2.299,57.47,1.25,0.6551,34.45,0.0017760000000000002,0.9982,0.04598,2.369e-06,2.504,62.55,0.3066,2108.0,0.020471,15116.0,0.9131600000000001,1.1833799999999999,0.89922,19896.0,2.3664,59.176,1.3162,0.66562,27.936,0.0014135999999999999,0.99828,0.039464599999999996,2.0037400000000002e-06,2.6328,65.818,0.30282,2100.8,0.01716888
2384.07407407,1.06122222222,0.34985185185199996,0.141148148148,5909.25925926,0.699740740741,17.4888888889,2.48333333333,0.942111111111,0.34372962963,5.68222222222e-05,0.801740740741,0.04572481481480001,7.65222222222e-06,4.96777777778,124.25925925899999,0.302925925926,2110.0,0.0210577777778,11820.0,1.0274,1.0476,0.7037,17590.0,2.095,52.35,1.489,0.7733,11.454,0.0006544,0.9619,0.046564999999999995,2.6301e-06,2.9819999999999998,74.49,0.3056,2100.0,0.0174,14108.333333300001,1.0071944444399998,1.16111111111,0.828777777778,19769.4444444,2.32277777778,58.0694444444,1.40305555556,0.879388888889,10.6841666667,0.000540861111111,0.958083333333,0.0400961111111,2.01891666667e-06,2.80583333333,70.1444444444,0.30825,2126.66666667,0.019201666666700003
2384.07407407,1.06122222222,0.34985185185199996,0.141148148148,5909.25925926,0.699740740741,17.4888888889,2.48333333333,0.942111111111,0.34372962963,5.68222222222e-05,0.801740740741,0.04572481481480001,7.65222222222e-06,4.96777777778,124.25925925899999,0.302925925926,2110.0,0.0210577777778,13920.0,1.0114,0.9688,0.8278,16260.0,1.9369999999999998,48.42,1.169,0.1931,137.9,0.008483,0.9998,0.0394,2.4244e-06,2.34,58.48,0.3004,2100.0,0.017044,16148.780487799999,1.0042195122,1.11526829268,0.935487804878,19253.6585366,2.23048780488,55.7634146341,1.1919512195100002,0.152390243902,155.097560976,0.00806951219512,0.999756097561,0.049879268292699994,2.63448780488e-06,2.38463414634,59.6024390244,0.312317073171,2156.58536585,0.0189873170732
2384.07407407,1.06122222222,0.34985185185199996,0.141148148148,5909.25925926,0.699740740741,17.4888888889,2.48333333333,0.942111111111,0.34372962963,5.68222222222e-05,0.801740740741,0.04572481481480001,7.65222222222e-06,4.96777777778,124.25925925899999,0.302925925926,2110.0,0.0210577777778,12710.0,1.0242,1.229,0.7569,20650.0,2.456,61.38,1.625,0.8884,4.1339999999999995,0.0001994,0.9897,0.047182,2.2694e-06,3.247,81.17,0.3071,2100.0,0.018808599999999998,14597.2972973,1.00762162162,1.3708108108100001,0.867702702703,23067.5675676,2.74135135135,68.5405405405,1.58,0.934918918919,2.50972972973,0.00010893783783799999,0.984189189189,0.04347459459459999,1.90691891892e-06,3.1608108108099997,79.0108108108,0.304837837838,2101.89189189,0.0187445135135
2384.07407407,1.06122222222,0.34985185185199996,0.141148148148,5909.25925926,0.699740740741,17.4888888889,2.48333333333,0.942111111111,0.34372962963,5.68222222222e-05,0.801740740741,0.04572481481480001,7.65222222222e-06,4.96777777778,124.25925925899999,0.302925925926,2110.0,0.0210577777778,12870.0,1.022,1.0448,0.7608,17710.0,2.089,52.28,1.376,0.9083,7.653,0.00043680000000000005,0.9313,0.03555,1.9594e-06,2.752,68.77,0.3033,2114.0,0.016596,14965.7142857,1.00654285714,1.22514285714,0.883285714286,20762.8571429,2.45028571429,61.2685714286,1.3880000000000001,0.900285714286,8.472285714289999,0.000408714285714,0.9714571428569999,0.040262,1.9546e-06,2.77628571429,69.3971428571,0.3062,2116.28571429,0.019430571428599996
2384.07407407,1.06122222222,0.34985185185199996,0.141148148148,5909.25925926,0.699740740741,17.4888888889,2.48333333333,0.942111111111,0.34372962963,5.68222222222e-05,0.801740740741,0.04572481481480001,7.65222222222e-06,4.96777777778,124.25925925899999,0.302925925926,2110.0,0.0210577777778,10950.0,1.0325,0.9477,0.6505,15930.0,1.8969999999999998,47.37,1.4569999999999999,0.1717,89.65,0.005628,0.9997,0.040489,2.5503e-06,2.915,72.88,0.3018,2100.0,0.018184,13496.7741935,1.01196774194,1.12974193548,0.794516129032,19177.419354799997,2.25870967742,56.4870967742,1.4264516129,0.208967741935,82.1516129032,0.00429096774194,0.997483870968,0.2058,1.04115483871e-05,2.8525806451599998,71.3322580645,0.37832258064499996,2121.93548387,0.049564516129
2384.07407407,1.06122222222,0.34985185185199996,0.141148148148,5909.25925926,0.699740740741,17.4888888889,2.48333333333,0.942111111111,0.34372962963,5.68222222222e-05,0.801740740741,0.04572481481480001,7.65222222222e-06,4.96777777778,124.25925925899999,0.302925925926,2110.0,0.0210577777778,8460.0,0.986333333333,0.8733333333329999,0.501222222222,14755.5555556,1.74666666667,43.6666666667,1.74333333333,0.926666666667,4.43,0.000300222222222,0.991,0.0409777777778,2.74111111111e-06,3.48555555556,87.1666666667,0.306,2108.88888889,0.015111111111099999,10846.6666667,1.0094333333299998,1.0659,0.639766666667,18060.0,2.131,53.2833333333,1.666,0.9678333333329999,2.38033333333,0.000131423333333,0.983633333333,0.040543,2.2335e-06,3.332,83.3066666667,0.305966666667,2116.66666667,0.019363666666700002
2361.30434783,1.03530434783,0.340630434783,0.13691304347799998,5875.217391300001,0.6812391304350001,17.0326086957,2.4930434782599997,0.949413043478,0.305617391304,5.08139130435e-05,0.809543478261,0.0377582608696,6.3414565217400005e-06,4.986304347830001,124.673913043,0.3045,2156.52173913,0.017631934782599997,12410.0,1.0344,1.3090000000000002,0.7387,22000.0,2.6180000000000003,65.44,1.771,0.9922,0.5329999999999999,2.413e-05,0.9534,0.025446,1.1653e-06,3.5410000000000004,88.56,0.2942,2100.0,0.009921,14672.1311475,1.0116557377,1.35721311475,0.869721311475,22870.4918033,2.71262295082,67.8295081967,1.56163934426,0.9870163934430001,0.676639344262,2.95347540984e-05,0.892409836066,0.0494781967213,2.14452459016e-06,3.1234426229500003,78.08852459020001,0.31152459016399997,2106.8852459000004,0.0199997540984
2361.30434783,1.03530434783,0.340630434783,0.13691304347799998,5875.217391300001,0.6812391304350001,17.0326086957,2.4930434782599997,0.949413043478,0.305617391304,5.08139130435e-05,0.809543478261,0.0377582608696,6.3414565217400005e-06,4.986304347830001,124.673913043,0.3045,2156.52173913,0.017631934782599997,10617.0,1.0021,0.9128,0.6307,15360.0,1.825,45.62,1.446,0.1874,80.12,0.0052439999999999995,0.9995,0.04718,3.078e-06,2.8930000000000002,72.34,0.3037,2103.0,0.018137,12138.1034483,0.951293103448,1.06163793103,0.719137931034,17912.0689655,2.12172413793,53.072413793100004,1.4751724137900002,0.184620689655,78.1603448276,0.004385,0.999620689655,0.0398762068966,2.26648275862e-06,2.94965517241,73.75,0.30189655172400004,2110.34482759,0.0174487931034
2361.30434783,1.03530434783,0.340630434783,0.13691304347799998,5875.217391300001,0.6812391304350001,17.0326086957,2.4930434782599997,0.949413043478,0.305617391304,5.08139130435e-05,0.809543478261,0.0377582608696,6.3414565217400005e-06,4.986304347830001,124.673913043,0.3045,2156.52173913,0.017631934782599997,12000.0,1.0232,1.0542,0.7119,17750.0,2.104,52.66,1.482,0.8254,11.681,0.0006616,0.977,0.066,3.772e-06,2.96,74.03,0.3257,2105.0,0.026733999999999997,14023.7288136,1.0127796610200002,1.15108474576,0.8270338983050001,19520.3389831,2.30271186441,57.5728813559,1.39237288136,0.7970677966099999,11.1391525424,0.000573491525424,0.9816610169490001,0.0404401694915,2.09096610169e-06,2.78389830508,69.6203389831,0.307322033898,2119.3220339,0.0175718644068
2361.30434783,1.03530434783,0.340630434783,0.13691304347799998,5875.217391300001,0.6812391304350001,17.0326086957,2.4930434782599997,0.949413043478,0.305617391304,5.08139130435e-05,0.809543478261,0.0377582608696,6.3414565217400005e-06,4.986304347830001,124.673913043,0.3045,2156.52173913,0.017631934782599997,10700.0,1.0490000000000002,1.228,0.6367,20630.0,2.456,61.4,1.93,0.8251,11.777999999999999,0.0005635,0.9972,0.032287,1.5594e-06,3.859,96.49,0.297,2100.0,0.015694999999999997,12316.981132100002,1.0145660377399999,1.26754716981,0.730943396226,21358.490566,2.5358490566,63.3886792453,1.73773584906,0.813754716981,15.0905660377,0.0007064528301889999,0.9974528301890001,0.0386903773585,1.8262264150900002e-06,3.4741509433999997,86.8641509434,0.302339622642,2105.47169811,0.0171552641509
2361.30434783,1.03530434783,0.340630434783,0.13691304347799998,5875.217391300001,0.6812391304350001,17.0326086957,2.4930434782599997,0.949413043478,0.305617391304,5.08139130435e-05,0.809543478261,0.0377582608696,6.3414565217400005e-06,4.986304347830001,124.673913043,0.3045,2156.52173913,0.017631934782599997,7833.0,1.0166,0.7785,0.4617,13210.0,1.558,38.92,1.6880000000000002,0.8447,7.431,0.0005625,0.9707,0.034575999999999996,2.6395e-06,3.373,84.36,0.3028,2120.0,0.016463,9826.73469388,1.01071428571,1.0395918367299999,0.583673469388,17502.0408163,2.0793877551,51.9795918367,1.78265306122,0.93,3.92391836735,0.00022828265306099998,0.910081632653,0.038443877551000004,2.2034489795900002e-06,3.56469387755,89.1306122449,0.30375510204100004,2103.46938776,0.017314081632700002
2361.30434783,1.03530434783,0.340630434783,0.13691304347799998,5875.217391300001,0.6812391304350001,17.0326086957,2.4930434782599997,0.949413043478,0.305617391304,5.08139130435e-05,0.809543478261,0.0377582608696,6.3414565217400005e-06,4.986304347830001,124.673913043,0.3045,2156.52173913,0.017631934782599997,10551.111111100001,0.980111111111,0.8943333333329999,0.615888888889,15311.111111100001,1.7888888888900003,44.7,1.45444444444,0.9241111111110001,5.91544444444,0.00039436666666700003,0.965111111111,0.0354855555556,2.36877777778e-06,2.90888888889,72.7111111111,0.30777777777800003,2141.11111111,0.0162677777778,12887.5,1.0131964285700001,1.07558928571,0.764517857143,18141.071428599997,2.1519642857099996,53.7892857143,1.40642857143,0.854714285714,12.4882142857,0.000691267857143,0.992,0.0409473214286,2.24571428571e-06,2.81392857143,70.3446428571,0.306017857143,2107.14285714,0.018842857142900002
2361.30434783,1.03530434783,0.340630434783,0.13691304347799998,5875.217391300001,0.6812391304350001,17.0326086957,2.4930434782599997,0.949413043478,0.305617391304,5.08139130435e-05,0.809543478261,0.0377582608696,6.3414565217400005e-06,4.986304347830001,124.673913043,0.3045,2156.52173913,0.017631934782599997,13170.0,0.8561,1.0346,0.7818,17430.0,2.07,51.74,1.327,0.6547,19.7,0.0011368,0.9974,0.03515,2.0126e-06,2.654,66.36,0.3012,2105.0,0.017428,15668.354430399999,0.9423544303799999,1.21948101266,0.926898734177,20608.8607595,2.4375949367099996,60.9582278481,1.3162025316500001,0.707037974684,23.2518987342,0.00112563291139,0.997962025316,0.0390159493671,1.91188607595e-06,2.63278481013,65.8075949367,0.304063291139,2113.41772152,0.0169741772152
2361.30434783,1.03530434783,0.340630434783,0.13691304347799998,5875.217391300001,0.6812391304350001,17.0326086957,2.4930434782599997,0.949413043478,0.305617391304,5.08139130435e-05,0.809543478261,0.0377582608696,6.3414565217400005e-06,4.986304347830001,124.673913043,0.3045,2156.52173913,0.017631934782599997,14550.0,1.05,1.0062,0.8656,16920.0,2.012,50.33,1.1640000000000001,0.1411,166.6,0.009853,0.9997,0.044118,2.5868e-06,2.329,58.19,0.3029,2101.0,0.019004,15312.5,0.961,1.04622222222,0.90175,17762.5,2.09277777778,52.3166666667,1.15972222222,0.19295833333299997,117.40555555600001,0.006571388888890001,0.9996666666670001,0.0454059722222,2.57097222222e-06,2.32041666667,58.005555555600004,0.30472222222199996,2121.66666667,0.0175011111111
2361.30434783,1.03530434783,0.340630434783,0.13691304347799998,5875.217391300001,0.6812391304350001,17.0326086957,2.4930434782599997,0.949413043478,0.305617391304,5.08139130435e-05,0.809543478261,0.0377582608696,6.3414565217400005e-06,4.986304347830001,124.673913043,0.3045,2156.52173913,0.017631934782599997,8443.0,0.9928,0.8714,0.502,14660.0,1.744,43.55,1.736,0.8902,6.864,0.000469,0.9954,0.03302,2.2779e-06,3.471,86.81,0.2984,2102.0,0.016009,10780.0,1.0119200000000002,1.09496,0.6403399999999999,18426.0,2.191,54.76,1.7108,0.9639200000000001,2.5805,0.00014561,0.97636,0.039451599999999996,2.15174e-06,3.4212,85.53399999999999,0.30364,2101.0,0.01773264
2361.30434783,1.03530434783,0.340630434783,0.13691304347799998,5875.217391300001,0.6812391304350001,17.0326086957,2.4930434782599997,0.949413043478,0.305617391304,5.08139130435e-05,0.809543478261,0.0377582608696,6.3414565217400005e-06,4.986304347830001,124.673913043,0.3045,2156.52173913,0.017631934782599997,12530.0,0.9934,1.0268,0.7347,17510.0,2.0540000000000003,51.34,1.399,0.8008,12.44,0.0007099999999999999,0.9943,0.03021,1.698e-06,2.8,69.97,0.3024,2133.0,0.014454,14985.245901600001,1.01308196721,1.22295081967,0.888672131148,20626.229508200002,2.44655737705,61.1540983607,1.3762295082,0.889540983607,9.009803278689999,0.000440144262295,0.9786229508200001,0.040007377049199995,1.949e-06,2.75327868852,68.8360655738,0.30459016393399996,2107.04918033,0.0178203278689
2329.28571429,1.03485714286,0.34257142857100004,0.138285714286,5767.85714286,0.685142857143,17.157142857100002,2.4842857142900003,0.9432857142859999,0.3457,5.7395e-05,0.829857142857,0.0422835714286,7.1397142857100004e-06,4.96857142857,124.214285714,0.300071428571,2103.57142857,0.0231185714286,11200.0,0.9708,1.0218,0.6662,17190.0,2.045,51.09,1.535,0.8709,9.308,0.000545,0.9703,0.030672,1.7393e-06,3.071,76.76,0.2994,2103.0,0.012414,13912.5,1.011125,1.15125,0.828125,19337.5,2.301875,57.55,1.39375,0.802,11.601875,0.0006014999999999999,0.9815,0.04118625,2.1545e-06,2.786875,69.6875,0.30475,2100.0,0.02165125
2329.28571429,1.03485714286,0.34257142857100004,0.138285714286,5767.85714286,0.685142857143,17.157142857100002,2.4842857142900003,0.9432857142859999,0.3457,5.7395e-05,0.829857142857,0.0422835714286,7.1397142857100004e-06,4.96857142857,124.214285714,0.300071428571,2103.57142857,0.0231185714286,10562.0,0.9998,0.9117,0.6285,15340.0,1.825,45.57,1.454,0.1819,80.78,0.005273,0.9997,0.038649,2.4991999999999997e-06,2.907,72.67,0.3019,2101.0,0.015776,12762.5,1.0025625,1.0995,0.7579375,18537.5,2.200625,55.00625,1.451875,0.1951875,81.275,0.004398125,0.9993125,0.048240625,2.5880624999999998e-06,2.9025,72.575,0.3070625,2103.75,0.0239
2329.28571429,1.03485714286,0.34257142857100004,0.138285714286,5767.85714286,0.685142857143,17.157142857100002,2.4842857142900003,0.9432857142859999,0.3457,5.7395e-05,0.829857142857,0.0422835714286,7.1397142857100004e-06,4.96857142857,124.214285714,0.300071428571,2103.57142857,0.0231185714286,8746.0,1.0308,0.9406,0.5181,15880.0,1.882,47.03,1.817,0.9958,0.3549,2.2375e-05,0.8537,0.033145999999999995,2.0919e-06,3.6319999999999997,90.81,0.3009,2110.0,0.017056,11369.2307692,1.04846153846,1.19384615385,0.662923076923,20469.2307692,2.3884615384599996,59.6923076923,1.80307692308,0.986538461538,1.12746153846,5.51307692308e-05,0.9656153846150001,0.0412846153846,2.02284615385e-06,3.60307692308,90.08461538459999,0.309153846154,2142.30769231,0.023133076923099998
2329.28571429,1.03485714286,0.34257142857100004,0.138285714286,5767.85714286,0.685142857143,17.157142857100002,2.4842857142900003,0.9432857142859999,0.3457,5.7395e-05,0.829857142857,0.0422835714286,7.1397142857100004e-06,4.96857142857,124.214285714,0.300071428571,2103.57142857,0.0231185714286,7317.0,0.9747,0.7237,0.4336,12210.0,1.4469999999999998,36.17,1.67,0.8841,4.717,0.0003859,0.8897,0.03428,2.789e-06,3.342,83.52,0.3012,2110.0,0.016373,9773.33333333,1.00386666667,1.0308666666700002,0.577933333333,17413.3333333,2.06,51.5266666667,1.78533333333,0.9208,4.53933333333,0.00026164,0.880533333333,0.050033333333300005,2.848e-06,3.56933333333,89.2533333333,0.311866666667,2116.0,0.0255266666667
2329.28571429,1.03485714286,0.34257142857100004,0.138285714286,5767.85714286,0.685142857143,17.157142857100002,2.4842857142900003,0.9432857142859999,0.3457,5.7395e-05,0.829857142857,0.0422835714286,7.1397142857100004e-06,4.96857142857,124.214285714,0.300071428571,2103.57142857,0.0231185714286,13630.0,0.9979,0.958,0.8106,16130.0,1.916,47.9,1.1840000000000002,0.1381,169.2,0.01051,0.9999,0.034143,2.0799e-06,2.364,59.14,0.2969,2103.0,0.012009,15780.0,1.00285,1.0876,0.93385,18370.0,2.174,54.35,1.166,0.19405,95.76,0.005188,0.9993,0.04718,2.5545e-06,2.3315,58.285,0.30635,2111.0,0.0220345
2329.28571429,1.03485714286,0.34257142857100004,0.138285714286,5767.85714286,0.685142857143,17.157142857100002,2.4842857142900003,0.9432857142859999,0.3457,5.7395e-05,0.829857142857,0.0422835714286,7.1397142857100004e-06,4.96857142857,124.214285714,0.300071428571,2103.57142857,0.0231185714286,10321.0,0.9766,0.8173,0.6148,13730.0,1.636,40.86,1.328,0.8807,8.773,0.0006396,0.9084,0.03438,2.5112e-06,2.657,66.4,0.301,2100.0,0.017005000000000003,12906.25,1.01225,1.0870625,0.7606875,18462.5,2.175625,54.39375,1.43125,0.88125,12.065625,0.0006526875,0.9904375,0.0434125,2.3489375e-06,2.861875,71.54375,0.3089375,2121.25,0.02203
2329.28571429,1.03485714286,0.34257142857100004,0.138285714286,5767.85714286,0.685142857143,17.157142857100002,2.4842857142900003,0.9432857142859999,0.3457,5.7395e-05,0.829857142857,0.0422835714286,7.1397142857100004e-06,4.96857142857,124.214285714,0.300071428571,2103.57142857,0.0231185714286,12900.0,1.0195,1.0035,0.7665,16890.0,2.01,50.23,1.31,0.8240000000000001,12.98,0.0007676,0.9944,0.025368,1.4947999999999999e-06,2.622,65.52,0.2953,2100.0,0.009589,12804.5454545,0.8542727272730001,1.0170000000000001,0.7545909090909999,17254.5454545,2.0336363636400003,50.8363636364,1.34636363636,0.864909090909,10.0472727273,0.000588636363636,0.990454545455,0.042781818181800005,2.4876363636400003e-06,2.69454545455,67.3454545455,0.308181818182,2122.72727273,0.0216
2329.28571429,1.03485714286,0.34257142857100004,0.138285714286,5767.85714286,0.685142857143,17.157142857100002,2.4842857142900003,0.9432857142859999,0.3457,5.7395e-05,0.829857142857,0.0422835714286,7.1397142857100004e-06,4.96857142857,124.214285714,0.300071428571,2103.57142857,0.0231185714286,10720.0,1.047,1.205,0.6373,20310.0,2.414,60.33,1.895,0.8149,16.6,0.0008163000000000001,0.9975,0.04075,2.0058e-06,3.79,94.73,0.3035,2103.0,0.015499,12241.1764706,1.01282352941,1.3070588235299998,0.723882352941,22111.7647059,2.6158823529400004,65.3941176471,1.8070588235299998,0.7806470588240001,19.0770588235,0.0008464117647060001,0.9974705882350001,0.0435117647059,1.95535294118e-06,3.6170588235300003,90.4,0.306058823529,2114.11764706,0.0237029411765
2329.28571429,1.03485714286,0.34257142857100004,0.138285714286,5767.85714286,0.685142857143,17.157142857100002,2.4842857142900003,0.9432857142859999,0.3457,5.7395e-05,0.829857142857,0.0422835714286,7.1397142857100004e-06,4.96857142857,124.214285714,0.300071428571,2103.57142857,0.0231185714286,15950.0,1.0285,1.205,0.9459,20300.0,2.407,60.22,1.272,0.5801,45.34,0.002231,0.9989,0.04347,2.137e-06,2.5469999999999997,63.65,0.3052,2106.0,0.01958,14740.0,0.8689600000000001,1.1302,0.8566,19468.0,2.26,56.508,1.3192,0.62548,28.916,0.0014847999999999999,0.99816,0.0440732,2.2946799999999997e-06,2.6384,65.952,0.31235999999999997,2152.8,0.0210616
2329.28571429,1.03485714286,0.34257142857100004,0.138285714286,5767.85714286,0.685142857143,17.157142857100002,2.4842857142900003,0.9432857142859999,0.3457,5.7395e-05,0.829857142857,0.0422835714286,7.1397142857100004e-06,4.96857142857,124.214285714,0.300071428571,2103.57142857,0.0231185714286,12480.0,1.0290000000000001,1.3840000000000001,0.7426,23260.0,2.7680000000000002,69.2,1.864,0.9647,1.209,5.187e-05,0.9740000000000001,0.03316,1.4205000000000002e-06,3.7289999999999996,93.26,0.2983,2100.0,0.015794,14629.411764700002,1.00747058824,1.3611764705899998,0.8644705882350001,23076.4705882,2.72352941176,68.1,1.57647058824,0.987764705882,0.44829411764700006,1.95888235294e-05,0.889941176471,0.0412058823529,1.7965294117599998e-06,3.15294117647,78.82352941180001,0.305941176471,2116.47058824,0.0213352941176
2369.44444444,1.04452777778,0.342111111111,0.137638888889,5883.05555556,0.683916666667,17.1,2.48916666667,0.950611111111,0.29909722222199997,4.92975e-05,0.820805555556,0.036486666666699995,6.07286111111e-06,4.97638888889,124.333333333,0.302888888889,2150.27777778,0.0181468055556,15830.0,1.0146,1.278,0.9397,21520.0,2.559,63.97,1.3659999999999999,0.6438,27.27,0.001265,0.9982,0.032945999999999996,1.5328e-06,2.7310000000000003,68.28,0.3003,2103.0,0.013936600000000002,14795.588235299998,0.892352941176,1.15476470588,0.8782941176469999,19447.058823500003,2.3095588235299997,57.7308823529,1.31441176471,0.633941176471,26.0882352941,0.00134338235294,0.997808823529,0.045502205882400004,2.38375e-06,2.62897058824,65.7235294118,0.307514705882,2105.44117647,0.018850882352900004
2369.44444444,1.04452777778,0.342111111111,0.137638888889,5883.05555556,0.683916666667,17.1,2.48916666667,0.950611111111,0.29909722222199997,4.92975e-05,0.820805555556,0.036486666666699995,6.07286111111e-06,4.97638888889,124.333333333,0.302888888889,2150.27777778,0.0181468055556,11260.0,0.8893,0.9925,0.6704,16670.0,1.983,49.61,1.4769999999999999,0.8988,7.343999999999999,0.0004397,0.9532,0.026797,1.6119e-06,2.9530000000000003,73.87,0.2964,2100.0,0.010602,14026.415094299999,0.946283018868,1.10966037736,0.832528301887,18707.5471698,2.21905660377,55.4924528302,1.33188679245,0.867377358491,8.470037735850001,0.000460950943396,0.965566037736,0.037841509434000005,2.04760377358e-06,2.66377358491,66.5905660377,0.303490566038,2107.35849057,0.0181169811321
2369.44444444,1.04452777778,0.342111111111,0.137638888889,5883.05555556,0.683916666667,17.1,2.48916666667,0.950611111111,0.29909722222199997,4.92975e-05,0.820805555556,0.036486666666699995,6.07286111111e-06,4.97638888889,124.333333333,0.302888888889,2150.27777778,0.0181468055556,10803.0,1.0232,0.9137,0.6434,15350.0,1.8259999999999998,45.68,1.4180000000000001,0.8937,10.051,0.0006535,0.9682,0.03524,2.3442e-06,2.8369999999999997,70.9,0.302,2100.0,0.017967,12873.1707317,1.006,1.04453658537,0.759097560976,17709.7560976,2.0887804878,52.229268292700006,1.37609756098,0.828341463415,16.7292682927,0.0009464634146339999,0.995902439024,0.0368904878049,2.07448780488e-06,2.7519512195099995,68.8097560976,0.30443902439,2118.53658537,0.0175612195122
2369.44444444,1.04452777778,0.342111111111,0.137638888889,5883.05555556,0.683916666667,17.1,2.48916666667,0.950611111111,0.29909722222199997,4.92975e-05,0.820805555556,0.036486666666699995,6.07286111111e-06,4.97638888889,124.333333333,0.302888888889,2150.27777778,0.0181468055556,12550.0,1.0252,1.239,0.747,20790.0,2.476,61.89,1.6580000000000001,0.9836,0.5387,2.5768e-05,0.9343,0.034386,1.6414500000000002e-06,3.315,82.9,0.2997,2100.0,0.0154065,14639.583333300001,1.0118125,1.3702083333300001,0.8698125,23050.0,2.74,68.50625,1.57583333333,0.923708333333,4.708125,0.00020425,0.992791666667,0.0354504166667,1.5390625e-06,3.15375,78.8375,0.3004375,2103.125,0.0170155625
2369.44444444,1.04452777778,0.342111111111,0.137638888889,5883.05555556,0.683916666667,17.1,2.48916666667,0.950611111111,0.29909722222199997,4.92975e-05,0.820805555556,0.036486666666699995,6.07286111111e-06,4.97638888889,124.333333333,0.302888888889,2150.27777778,0.0181468055556,11510.0,0.9921,1.0225,0.6825,17240.0,2.0469999999999997,51.14,1.501,0.7972,10.595999999999998,0.0006146,0.9745,0.02825,1.6038e-06,3.0,74.99,0.2984,2107.0,0.011989,13782.608695700002,1.0098260869600002,1.18434782609,0.818630434783,19919.565217400002,2.3671739130400002,59.165217391300004,1.44760869565,0.799304347826,10.707608695700001,0.000536347826087,0.976760869565,0.0386373913043,1.9390652173900004e-06,2.8941304347799996,72.3717391304,0.303869565217,2103.26086957,0.0183043478261
2369.44444444,1.04452777778,0.342111111111,0.137638888889,5883.05555556,0.683916666667,17.1,2.48916666667,0.950611111111,0.29909722222199997,4.92975e-05,0.820805555556,0.036486666666699995,6.07286111111e-06,4.97638888889,124.333333333,0.302888888889,2150.27777778,0.0181468055556,14110.0,1.0142,0.9401,0.8394,15820.0,1.881,47.01,1.122,0.1786,78.87,0.0050420000000000005,0.9994,0.04339,2.7674e-06,2.244,56.1,0.3034,2103.0,0.019625,15486.440678,0.9740000000000001,1.0473389830500002,0.913440677966,17757.627118599998,2.09525423729,52.3728813559,1.14644067797,0.19649152542399997,136.154237288,0.00750423728814,0.999711864407,0.0447862711864,2.52718644068e-06,2.2918644067800003,57.3016949153,0.304203389831,2118.13559322,0.018076779661000002
2369.44444444,1.04452777778,0.342111111111,0.137638888889,5883.05555556,0.683916666667,17.1,2.48916666667,0.950611111111,0.29909722222199997,4.92975e-05,0.820805555556,0.036486666666699995,6.07286111111e-06,4.97638888889,124.333333333,0.302888888889,2150.27777778,0.0181468055556,10640.0,1.0490000000000002,1.2,0.6321,20150.0,2.397,59.93,1.899,0.7742,16.88,0.0008316,0.9975,0.03876,1.9343000000000003e-06,3.798,95.01,0.3011,2102.0,0.018171,12466.6666667,1.0204047619,1.23619047619,0.738,20883.3333333,2.47238095238,61.804761904799996,1.6747619047600002,0.854761904762,8.406666666669999,0.000398023809524,0.9945,0.0410138095238,1.97383333333e-06,3.35142857143,83.7595238095,0.30380952381,2111.19047619,0.018603857142900002
2369.44444444,1.04452777778,0.342111111111,0.137638888889,5883.05555556,0.683916666667,17.1,2.48916666667,0.950611111111,0.29909722222199997,4.92975e-05,0.820805555556,0.036486666666699995,6.07286111111e-06,4.97638888889,124.333333333,0.302888888889,2150.27777778,0.0181468055556,10455.555555600002,0.974555555556,0.9243333333329999,0.613222222222,15755.5555556,1.85,46.2222222222,1.50444444444,0.174444444444,83.9,0.005324444444439999,0.9995555555560001,0.0369733333333,2.27777777778e-06,3.01111111111,75.2666666667,0.304333333333,2131.11111111,0.0181066666667,12916.6666667,1.0110952381,1.10357142857,0.763261904762,18690.4761905,2.20880952381,55.204761904799994,1.4469047619,0.21883333333299998,81.4738095238,0.004365,0.999523809524,0.043980952381,2.35992857143e-06,2.89476190476,72.3452380952,0.304476190476,2114.28571429,0.0191052380952
2369.44444444,1.04452777778,0.342111111111,0.137638888889,5883.05555556,0.683916666667,17.1,2.48916666667,0.950611111111,0.29909722222199997,4.92975e-05,0.820805555556,0.036486666666699995,6.07286111111e-06,4.97638888889,124.333333333,0.302888888889,2150.27777778,0.0181468055556,7783.0,1.0115,0.7517,0.4627,12640.0,1.5019999999999998,37.59,1.6269999999999998,0.7739,8.052,0.0006364,0.9854,0.029158999999999997,2.2915e-06,3.255,81.33,0.2978,2103.0,0.013416999999999998,9777.80487805,1.0041219512200001,1.01470731707,0.57912195122,17124.3902439,2.03048780488,50.7512195122,1.7556097561000001,0.8957560975609999,4.69751219512,0.000275102439024,0.8983902439020001,0.040964146341499995,2.3974634146299998e-06,3.51097560976,87.7707317073,0.306048780488,2109.26829268,0.0191263414634
2369.44444444,1.04452777778,0.342111111111,0.137638888889,5883.05555556,0.683916666667,17.1,2.48916666667,0.950611111111,0.29909722222199997,4.92975e-05,0.820805555556,0.036486666666699995,6.07286111111e-06,4.97638888889,124.333333333,0.302888888889,2150.27777778,0.0181468055556,8496.66666667,0.9937777777779999,0.880111111111,0.504111111111,14844.4444444,1.76,44.0111111111,1.74666666667,0.9842222222220001,1.1003333333299998,7.39333333333e-05,0.975555555556,0.0296866666667,1.97955555556e-06,3.49333333333,87.35555555559999,0.298777777778,2107.77777778,0.01152,10815.0,1.012425,1.09375,0.64055,18465.0,2.18775,54.6975,1.7075,0.94225,5.5235,0.00029795,0.9933,0.0372,2.01445e-06,3.41625,85.4,0.30285,2110.25,0.01814025
2313.88888889,1.02627777778,0.33533333333299997,0.135444444444,5730.0,0.670888888889,16.7777777778,2.4811111111099997,0.946611111111,0.301194444444,5.12666666667e-05,0.798555555556,0.0421722222222,7.28944444444e-06,4.96666666667,124.055555556,0.304611111111,2135.55555556,0.0209033333333,10415.0,0.9791,0.8741,0.6196,14690.0,1.7469999999999999,43.7,1.4140000000000001,0.1715,85.69,0.005836,0.9997,0.043210000000000005,2.9180000000000003e-06,2.823,70.59,0.3035,2100.0,0.018541,12995.0,1.0181,1.1265,0.76695,19060.0,2.251,56.285,1.4675,0.23435,77.325,0.0040585000000000005,0.99955,0.044965,2.3405000000000003e-06,2.9355,73.385,0.30745,2116.0,0.0203
2313.88888889,1.02627777778,0.33533333333299997,0.135444444444,5730.0,0.670888888889,16.7777777778,2.4811111111099997,0.946611111111,0.301194444444,5.12666666667e-05,0.798555555556,0.0421722222222,7.28944444444e-06,4.96666666667,124.055555556,0.304611111111,2135.55555556,0.0209033333333,8416.0,0.9890000000000001,0.8498,0.5007,14280.0,1.6969999999999998,42.49,1.6969999999999998,0.9479,2.903,0.00020340000000000004,0.9892,0.03306,2.3246e-06,3.397,84.9,0.2987,2100.0,0.016794999999999997,11094.736842100001,1.01726315789,1.1468421052600002,0.645842105263,19694.7368421,2.29263157895,57.3315789474,1.77526315789,0.981421052632,1.70789473684,8.63894736842e-05,0.975736842105,0.043835789473699996,2.229e-06,3.55263157895,88.81578947370001,0.311842105263,2148.42105263,0.022561578947400004
2313.88888889,1.02627777778,0.33533333333299997,0.135444444444,5730.0,0.670888888889,16.7777777778,2.4811111111099997,0.946611111111,0.301194444444,5.12666666667e-05,0.798555555556,0.0421722222222,7.28944444444e-06,4.96666666667,124.055555556,0.304611111111,2135.55555556,0.0209033333333,14220.0,1.0219,0.8718,0.8440000000000001,14690.0,1.743,43.61,1.0328,0.1977,143.7,0.009772,0.9997,0.04947,3.3580000000000003e-06,2.065,51.68,0.3036,2105.0,0.018962,16003.571428600002,1.0043214285700002,1.0910357142899998,0.939607142857,18575.0,2.18107142857,54.525,1.16142857143,0.181035714286,137.442857143,0.00731785714286,0.9997857142859999,0.044625,2.414e-06,2.32428571429,58.089285714300004,0.306642857143,2127.85714286,0.020117857142900004
2313.88888889,1.02627777778,0.33533333333299997,0.135444444444,5730.0,0.670888888889,16.7777777778,2.4811111111099997,0.946611111111,0.301194444444,5.12666666667e-05,0.798555555556,0.0421722222222,7.28944444444e-06,4.96666666667,124.055555556,0.304611111111,2135.55555556,0.0209033333333,7438.0,0.9749,0.7439,0.4425,12510.0,1.489,37.21,1.682,0.8252,6.178999999999999,0.0004942,0.9579,0.029905,2.3822e-06,3.366,84.14,0.2981,2100.0,0.011625,9814.5,1.01605,0.9973,0.5834,16790.0,1.996,49.91,1.7135,0.8636,6.885,0.0004107,0.9818,0.047005,2.776e-06,3.4275,85.71,0.3088,2102.0,0.023118
2313.88888889,1.02627777778,0.33533333333299997,0.135444444444,5730.0,0.670888888889,16.7777777778,2.4811111111099997,0.946611111111,0.301194444444,5.12666666667e-05,0.798555555556,0.0421722222222,7.28944444444e-06,4.96666666667,124.055555556,0.304611111111,2135.55555556,0.0209033333333,12677.7777778,0.9993333333329999,1.10444444444,0.754,18611.111111099995,2.21333333333,55.322222222200004,1.46666666667,0.8387777777779999,11.107777777799999,0.000606222222222,0.9952222222220001,0.0350111111111,1.924e-06,2.93222222222,73.3555555556,0.302,2100.0,0.0148877777778,15026.0869565,1.0161304347799998,1.2439130434799999,0.893347826087,20917.3913043,2.48652173913,62.1826086957,1.39347826087,0.847826086957,12.5260869565,0.000600043478261,0.992217391304,0.0406126086957,1.94895652174e-06,2.78739130435,69.6652173913,0.30482608695700003,2101.30434783,0.0203339130435
2313.88888889,1.02627777778,0.33533333333299997,0.135444444444,5730.0,0.670888888889,16.7777777778,2.4811111111099997,0.946611111111,0.301194444444,5.12666666667e-05,0.798555555556,0.0421722222222,7.28944444444e-06,4.96666666667,124.055555556,0.304611111111,2135.55555556,0.0209033333333,11610.0,1.0123,1.0468,0.6899,17600.0,2.095,52.35,1.52,0.8223,7.653,0.0004373,0.934,0.033927,1.9299e-06,3.04,76.0,0.3014,2102.0,0.013694,13804.5454545,1.00818181818,1.2031818181799998,0.818863636364,20281.818181799998,2.40545454545,60.15,1.47,0.792090909091,11.7109090909,0.0005775,0.977363636364,0.0451086363636,2.22913636364e-06,2.9409090909099995,73.5272727273,0.308227272727,2107.27272727,0.022490909090900003
2313.88888889,1.02627777778,0.33533333333299997,0.135444444444,5730.0,0.670888888889,16.7777777778,2.4811111111099997,0.946611111111,0.301194444444,5.12666666667e-05,0.798555555556,0.0421722222222,7.28944444444e-06,4.96666666667,124.055555556,0.304611111111,2135.55555556,0.0209033333333,15350.0,0.9999,1.192,0.912,20010.0,2.38,59.52,1.306,0.664,26.2,0.001308,0.9982,0.034682,1.7304e-06,2.613,65.32,0.2993,2101.0,0.013713,15403.125,0.90584375,1.16796875,0.89046875,20203.125,2.3378125,58.43125,1.3134375,0.633625,24.615625,0.00121853125,0.9976875,0.0437025,2.17346875e-06,2.6271875,65.671875,0.31215625,2159.6875,0.019235625
2313.88888889,1.02627777778,0.33533333333299997,0.135444444444,5730.0,0.670888888889,16.7777777778,2.4811111111099997,0.946611111111,0.301194444444,5.12666666667e-05,0.798555555556,0.0421722222222,7.28944444444e-06,4.96666666667,124.055555556,0.304611111111,2135.55555556,0.0209033333333,10457.7777778,0.984555555556,0.8001111111110001,0.620111111111,13488.888888899999,1.60111111111,40.0222222222,1.29111111111,0.7809999999999999,14.811111111099999,0.00110711111111,0.9933333333329999,0.03854,2.83411111111e-06,2.58111111111,64.5222222222,0.304333333333,2105.55555556,0.0184,12963.157894700002,1.01294736842,1.1173684210500001,0.763526315789,18978.9473684,2.23578947368,55.8789473684,1.46421052632,0.9120526315790001,8.93736842105,0.000471526315789,0.973631578947,0.040584210526300006,2.15315789474e-06,2.9289473684200003,73.2315789474,0.307473684211,2121.05263158,0.020960526315799997
2313.88888889,1.02627777778,0.33533333333299997,0.135444444444,5730.0,0.670888888889,16.7777777778,2.4811111111099997,0.946611111111,0.301194444444,5.12666666667e-05,0.798555555556,0.0421722222222,7.28944444444e-06,4.96666666667,124.055555556,0.304611111111,2135.55555556,0.0209033333333,12080.0,0.9849,1.315,0.7153,22190.0,2.6289999999999996,65.73,1.837,0.992,0.35447,1.7168e-05,0.895,0.031807,1.5323e-06,3.678,91.96,0.2996,2110.0,0.0117435,14792.0,1.01884,1.3764,0.8760399999999999,23256.0,2.7552,68.868,1.5736,0.98508,0.6411600000000001,2.76744e-05,0.8964,0.042108,1.82e-06,3.1484,78.704,0.30564,2108.4,0.0198324
2313.88888889,1.02627777778,0.33533333333299997,0.135444444444,5730.0,0.670888888889,16.7777777778,2.4811111111099997,0.946611111111,0.301194444444,5.12666666667e-05,0.798555555556,0.0421722222222,7.28944444444e-06,4.96666666667,124.055555556,0.304611111111,2135.55555556,0.0209033333333,10510.0,1.0490000000000002,1.2229999999999999,0.6251,20590.0,2.447,61.18,1.9580000000000002,0.8140000000000001,11.987,0.0005712000000000001,0.996,0.039583999999999994,1.9243e-06,3.917,97.9,0.3015,2102.0,0.0172656,12513.6363636,1.0119090909100001,1.2136363636399998,0.738909090909,20554.5454545,2.42590909091,60.65,1.64272727273,0.710590909091,25.3681818182,0.00123136363636,0.9983181818179999,0.0425,2.05645454545e-06,3.285,82.1045454545,0.305136363636,2116.81818182,0.020402272727299997
