Configuration,ACYC,AFREQ,EXEC,FREQ,INST,INSTnom,INSTnom%,IPC,L2HIT,L2MISS,L2MPI,L3HIT,L3MISS,L3MPI,PhysIPC,PhysIPC%,READ,TIME(ticks),WRITE,SLOWDOWN
num-800000,17351.7241379,1.01275862069,1.39,1.00562068966,24003.4482759,2.78172413793,69.5344827586,1.38137931034,0.877379310345,3.72379310345,0.000157017241379,0.930482758621,0.03033,1.27063103448e-06,2.76413793103,69.1137931034,0.305482758621,2157.5862069,0.0181837931034,1.64321950051
num-800000,17360.0,1.013,1.27266666667,1.0072,21933.3333333,2.54566666667,63.6266666667,1.262,0.148833333333,161.123333333,0.00729933333333,0.999233333333,0.112473333333,5.23266666667e-06,2.524,63.1,0.3689,2152.0,0.04299,1.67573756622
num-800000,16930.0,1.0139,1.283,1.00536666667,21613.3333333,2.56833333333,64.2033333333,1.27566666667,0.0535,173.846666667,0.00804866666667,0.9999,0.0303663333333,1.4154e-06,2.55166666667,63.79,0.2964,2103.66666667,0.0174013333333,1.65499131544
num-800000,10857.5,1.05,1.0985,0.6411,18595.0,2.1965,54.9,1.716,0.8222,4.045,0.00021809,0.9473,0.033385,1.79045e-06,3.4325,85.82,0.3029,2116.0,0.0183865,1.13995011231
num-800000,17503.3333333,1.0468,1.41333333333,1.03706666667,23820.0,2.828,70.6933333333,1.36066666667,0.978866666667,1.78416666667,7.53333333333e-05,0.983733333333,0.0280763333333,1.17947666667e-06,2.72,68.0033333333,0.296933333333,2104.33333333,0.0166884,1.63374351328
num-800000,13213.0434783,1.01834782609,1.15043478261,0.781304347826,19465.2173913,2.3,57.5130434783,1.47565217391,0.219695652174,82.9130434783,0.00426043478261,0.999652173913,0.0351552173913,1.80569565217e-06,2.95130434783,73.7869565217,0.301304347826,2114.34782609,0.0180591304348,1.29575349389
num-800000,8643.33333333,1.05,0.952555555556,0.512222222222,16077.7777778,1.90555555556,47.6277777778,1.86388888889,0.122888888889,106.111111111,0.00661944444444,0.999611111111,0.0588388888889,3.61722222222e-06,3.72722222222,93.2055555556,0.324,2107.77777778,0.0296183333333,1.02086565188
num-800000,16007.1428571,1.00675,1.45642857143,0.944607142857,24657.1428571,2.91035714286,72.7678571429,1.54214285714,0.9755,2.04882142857,8.29892857143e-05,0.922928571429,0.0334428571429,1.36517857143e-06,3.08392857143,77.1107142857,0.303607142857,2117.5,0.0182363571429,1.54604812101
num-800000,17482.7586207,1.01465517241,1.47551724138,1.0084137931,25555.1724138,2.9524137931,73.8103448276,1.4624137931,0.971068965517,1.73568965517,6.84879310345e-05,0.934551724138,0.0284689655172,1.12072413793e-06,2.92344827586,73.0931034483,0.305655172414,2167.5862069,0.0171387931034,1.64200970445
num-800000,13447.826087,1.01617391304,1.2247826087,0.792782608696,20734.7826087,2.44695652174,61.1782608696,1.54434782609,0.0882565217391,101.104347826,0.00489565217391,0.999826086957,0.0257439130435,1.2351173913e-06,3.08826086957,77.2130434783,0.296565217391,2118.26086957,0.0169126521739,1.29108145065
num-800000,15800.0,1.01177777778,1.11666666667,0.929296296296,18974.0740741,2.23407407407,55.8555555556,1.20259259259,0.205074074074,119.262962963,0.00623074074074,0.999666666667,0.0380896296296,2.02685185185e-06,2.40518518519,60.1481481481,0.304777777778,2123.7037037,0.0174607407407,1.52207054563
num-800000,17871.4285714,1.05,1.2425,1.03735714286,21357.1428571,2.48321428571,62.0892857143,1.19428571429,0.0555785714286,207.5,0.00962821428571,0.999892857143,0.0385575,1.8095e-06,2.39142857143,59.775,0.305321428571,2151.07142857,0.0198928571429,1.59333237203
num-800000,16785.7142857,1.01557142857,1.35321428571,0.981214285714,23142.8571429,2.7075,67.6642857143,1.38142857143,0.896785714286,6.48964285714,0.00027975,0.943392857143,0.243467857143,1.05317857143e-05,2.76214285714,69.0535714286,0.532035714286,2137.85714286,0.0875321428571,1.59518147223
num-800000,17373.3333333,1.00986666667,1.187,1.00313333333,20533.3333333,2.37366666667,59.3433333333,1.184,0.635866666667,51.3533333333,0.00249933333333,0.999533333333,0.035907,1.75136666667e-06,2.365,59.1466666667,0.3088,2163.0,0.0173943333333,1.6834449181
num-800000,14554.5454545,1.05,1.01063636364,0.860136363636,17109.0909091,2.02227272727,50.5545454545,1.17863636364,0.0894409090909,255.727272727,0.0148872727273,0.998954545455,0.214636363636,1.25759090909e-05,2.35454545455,58.8818181818,0.418545454545,2113.18181818,0.0642181818182,1.23311482999
num-800000,14016.0,1.00344,1.0806,0.82832,18284.0,2.1592,54.016,1.3036,0.7364,43.944,0.0023996,0.99908,0.0358772,1.95784e-06,2.6084,65.192,0.3002,2113.2,0.0185672,1.37452560389
num-800000,12585.1851852,1.00481481481,1.03440740741,0.744444444444,17474.0740741,2.0662962963,51.6703703704,1.38814814815,0.841888888889,11.0496296296,0.000633962962963,0.898851851852,0.756,4.32555555556e-05,2.77777777778,69.4296296296,1.02685185185,2112.22222222,0.340333333333,1.49435932424
num-800000,16880.0,1.0092,1.26066666667,0.9981,21320.0,2.51966666667,62.9933333333,1.262,0.05678,256.9,0.0119656666667,0.999866666667,0.07421,3.50866666667e-06,2.52266666667,63.0966666667,0.325066666667,2113.33333333,0.0288013333333,1.65110762239
num-800000,14343.4782609,1.01047826087,1.09756521739,0.846695652174,18595.6521739,2.19565217391,54.9130434783,1.29826086957,0.156304347826,161.256521739,0.00859434782609,0.999869565217,0.0343739130435,1.87208695652e-06,2.5947826087,64.8739130435,0.299173913043,2115.2173913,0.0176598695652,1.26127798919
num-800000,15410.7142857,1.00657142857,1.12710714286,0.903178571429,19221.4285714,2.25464285714,56.3642857143,1.25321428571,0.206821428571,148.660714286,0.00771642857143,0.996571428571,0.502928571429,2.6025e-05,2.50571428571,62.6392857143,0.737357142857,2130.35714286,0.170067857143,1.56006129907
num-300000,17127.2727273,1.01454545455,1.38363636364,1.00454545455,23609.0909091,2.77090909091,69.2363636364,1.37818181818,0.897818181818,3.39181818182,0.000144809090909,0.892181818182,0.0437363636364,1.85672727273e-06,2.75636363636,68.9,0.313181818182,2129.09090909,0.0249163636364,1.59550815004
num-300000,17554.5454545,1.02763636364,1.39181818182,1.02072727273,23872.7272727,2.78,69.5454545455,1.36,0.914090909091,7.53545454545,0.000317,0.995545454545,0.03435,1.47554545455e-06,2.72,68.0,0.305727272727,2146.36363636,0.0195054545455,1.5829078648
num-300000,17300.0,1.02863636364,1.49,1.01981818182,25281.8181818,2.98272727273,74.5909090909,1.46090909091,0.969636363636,1.77909090909,7.12181818182e-05,0.843181818182,0.239672727273,9.68063636364e-06,2.92090909091,73.0272727273,0.366,2118.18181818,0.0290909090909,1.38043535899
num-300000,12850.0,1.0331,1.0751,0.7553,18310.0,2.152,53.83,1.426,0.8505,12.009,0.0006565,0.9236,0.6051,3.298e-05,2.854,71.34,1.1284,2126.0,0.24,1.55157808017
num-300000,14488.8888889,1.02755555556,1.08777777778,0.851111111111,18511.1111111,2.17555555556,54.3888888889,1.28,0.706777777778,50.8222222222,0.00274333333333,0.998888888889,0.0525777777778,2.85488888889e-06,2.55777777778,63.9111111111,0.309888888889,2123.33333333,0.0233555555556,1.30303362752
num-300000,17145.4545455,1.00936363636,1.28090909091,1.00081818182,21954.5454545,2.56090909091,64.0090909091,1.27818181818,0.0629272727273,167.272727273,0.00760727272727,1.0,0.0309972727273,1.42609090909e-06,2.55818181818,63.9181818182,0.303636363636,2142.72727273,0.0193181818182,1.63409655658
num-300000,14625.0,1.05,1.00025,0.85625,17087.5,1.99875,49.9625,1.17125,0.0971125,253.5,0.0148,0.99875,0.249875,1.477e-05,2.34125,58.5,0.428,2136.25,0.07515,1.28875928554
num-300000,12975.0,1.00125,1.12625,0.755125,19312.5,2.255,56.325,1.495,0.216375,80.9375,0.00418125,0.9995,0.04397625,2.297875e-06,2.9925,74.775,0.311,2147.5,0.0253375,1.28373335501
num-300000,16972.7272727,1.00672727273,1.16090909091,0.998818181818,19700.0,2.32090909091,58.0272727273,1.16,0.0682727272727,202.636363636,0.0101263636364,0.999727272727,0.0658545454545,3.36454545455e-06,2.31909090909,57.9818181818,0.323272727273,2120.90909091,0.0311763636364,1.63244770041
num-300000,15700.0,1.00555555556,1.11888888889,0.919777777778,19066.6666667,2.23555555556,55.9,1.21555555556,0.167888888889,113.677777778,0.00585222222222,0.999666666667,0.0494333333333,2.585e-06,2.43111111111,60.7666666667,0.311111111111,2132.22222222,0.0262,1.40373471135
num-300000,14362.5,1.03425,1.1475,0.83725,19650.0,2.2925,57.3125,1.37125,0.14925,132.625,0.0067475,0.999875,0.02771375,1.414125e-06,2.74,68.5,0.30025,2141.25,0.02086,1.15785182157
num-300000,8818.57142857,1.03771428571,0.977571428571,0.521428571429,16542.8571429,1.95714285714,48.9142857143,1.87571428571,0.123571428571,98.3857142857,0.00595,0.999571428571,0.0526428571429,3.18614285714e-06,3.75,93.7571428571,0.322,2114.28571429,0.0326142857143,1.03591846547
num-300000,10460.0,0.9865,1.058625,0.6175,17950.0,2.115,52.9,1.715,0.87175,3.2675,0.000182625,0.94825,0.02875125,1.606625e-06,3.43,85.7625,0.301,2120.0,0.019511125,1.26890143391
num-300000,16909.0909091,0.995272727273,1.19454545455,0.990545454545,20400.0,2.39272727273,59.8090909091,1.20727272727,0.630727272727,57.3454545455,0.00280181818182,0.999454545455,0.0370290909091,1.79672727273e-06,2.41272727273,60.3181818182,0.305181818182,2131.81818182,0.0213481818182,1.65954583426
num-300000,17254.5454545,1.00581818182,1.16909090909,0.995545454545,20272.7272727,2.34090909091,58.4727272727,1.17454545455,0.0518090909091,222.0,0.0109327272727,1.0,0.0414909090909,2.04936363636e-06,2.35,58.7545454545,0.312090909091,2166.36363636,0.0216645454545,1.62494855158
num-300000,15610.0,0.9894,1.089,0.9104,18670.0,2.176,54.42,1.197,0.2717,96.55,0.0051,0.9942,0.4415,2.367e-05,2.395,59.87,0.8686,2144.0,0.1459,1.51060927525
num-300000,15860.0,1.0156,1.405,0.9356,23820.0,2.81,70.25,1.502,0.96,3.009,0.00012712,0.9701,0.025534,1.0711e-06,3.003,75.09,0.2979,2115.0,0.02234,1.53647838652
num-300000,13433.3333333,0.991777777778,1.27444444444,0.790111111111,21644.4444444,2.55,63.7333333333,1.61444444444,0.0846777777778,95.5777777778,0.00441777777778,0.999666666667,0.0381722222222,1.81433333333e-06,3.22888888889,80.7444444444,0.305777777778,2125.55555556,0.0222644444444,1.30240249177
num-300000,17090.9090909,1.01872727273,1.25454545455,1.01136363636,21154.5454545,2.50545454545,62.6363636364,1.23454545455,0.183545454545,144.181818182,0.00679545454545,0.999,0.1353,6.40363636364e-06,2.47454545455,61.8272727273,0.377363636364,2111.81818182,0.0507636363636,1.6340312462
num-300000,16381.8181818,0.994454545455,1.31363636364,0.973636363636,22118.1818182,2.62727272727,65.6727272727,1.34818181818,0.896181818182,7.64636363636,0.000347090909091,0.939636363636,0.346090909091,1.57127272727e-05,2.69818181818,67.4454545455,0.625545454545,2102.72727273,0.107036363636,1.64521535174
num-500000,17655.5555556,1.05,1.21666666667,1.03444444444,20738.8888889,2.43333333333,60.8,1.17555555556,0.05755,204.611111111,0.00978166666667,0.999833333333,0.0399472222222,1.93516666667e-06,2.35,58.7666666667,0.305277777778,2132.77777778,0.0210333333333,1.55058048726
num-500000,12446.6666667,1.00853333333,1.0826,0.739466666667,18246.6666667,2.16733333333,54.1466666667,1.466,0.797666666667,14.9733333333,0.0008254,0.936133333333,0.6976,3.832e-05,2.932,73.3066666667,1.1592,2104.0,0.2302,1.31355167813
num-500000,17311.1111111,1.01677777778,1.47944444444,1.01016666667,25300.0,2.95833333333,73.9333333333,1.46333333333,0.974055555556,1.5515,6.12333333333e-05,0.945277777778,0.0294694444444,1.16033333333e-06,2.92388888889,73.1222222222,0.303777777778,2137.77777778,0.0194516666667,1.60021224724
num-500000,17288.8888889,1.00633333333,1.26111111111,1.00111111111,21755.5555556,2.52111111111,63.05,1.26166666667,0.163111111111,141.222222222,0.00648555555556,0.999055555556,0.124155555556,5.72944444444e-06,2.51833333333,62.9888888889,0.382611111111,2156.11111111,0.04685,1.62085437571
num-500000,17111.1111111,1.01655555556,1.365,0.993722222222,23494.4444444,2.73055555556,68.25,1.37333333333,0.871277777778,6.93722222222,0.000295666666667,0.929777777778,0.336166666667,1.43533333333e-05,2.74722222222,68.6666666667,0.583833333333,2152.77777778,0.131761111111,1.60891609491
num-500000,16857.8947368,1.00578947368,1.38,0.997736842105,23310.5263158,2.76105263158,69.0210526316,1.38368421053,0.911210526316,3.14226315789,0.000134968421053,0.918894736842,0.0307168421053,1.32268421053e-06,2.76578947368,69.1421052632,0.300947368421,2112.63157895,0.01877,1.6144872767
num-500000,14340.0,1.0136,1.11666666667,0.844933333333,19000.0,2.23733333333,55.9333333333,1.32533333333,0.147466666667,172.866666667,0.00908666666667,0.999933333333,0.0347146666667,1.84906666667e-06,2.65066666667,66.26,0.299933333333,2118.66666667,0.0176104,1.29017106292
num-500000,16942.1052632,1.00531578947,1.21210526316,0.999947368421,20568.4210526,2.42421052632,60.6421052632,1.21263157895,0.642368421053,53.6684210526,0.00259052631579,0.999473684211,0.0377210526316,1.83210526316e-06,2.42526315789,60.6105263158,0.303947368421,2116.31578947,0.0191673684211,1.63289808393
num-500000,12946.6666667,1.00986666667,1.15666666667,0.7588,19753.3333333,2.31466666667,57.8466666667,1.52733333333,0.23,68.9666666667,0.00348866666667,0.999733333333,0.032282,1.64366666667e-06,3.05733333333,76.4133333333,0.302933333333,2134.66666667,0.0200426666667,1.2945441518
num-500000,17400.0,1.013,1.27,1.00177777778,22055.5555556,2.53833333333,63.4888888889,1.26777777778,0.0746611111111,148.655555556,0.00666222222222,0.999944444444,0.0338338888889,1.53e-06,2.53444444444,63.3777777778,0.306222222222,2172.22222222,0.0186211111111,1.60192876449
num-500000,17005.2631579,1.01168421053,1.25578947368,1.00442105263,21236.8421053,2.51052631579,62.7894736842,1.25,0.0673631578947,240.894736842,0.0112252631579,0.999789473684,0.0847315789474,4.00789473684e-06,2.5,62.4842105263,0.325894736842,2114.73684211,0.0308973684211,1.62487334787
num-500000,14213.3333333,1.0092,1.14666666667,0.831,19606.6666667,2.294,57.34,1.38,0.699,19.3733333333,0.000978066666667,0.997866666667,0.0336506666667,1.71973333333e-06,2.762,69.0266666667,0.3046,2136.0,0.0192066666667,1.31983964691
num-500000,14287.5,1.05,0.93725,0.84975,15756.25,1.87375,46.85625,1.1036875,0.12655,178.9375,0.011315,0.9986875,0.213375,1.34825e-05,2.21125,55.25625,0.4348125,2100.625,0.06685,1.39437216589
num-500000,16200.0,1.01452941176,1.39294117647,0.955,23617.6470588,2.78470588235,69.6411764706,1.46,0.951058823529,3.42647058824,0.0001482,0.961411764706,0.0281117647059,1.20482352941e-06,2.91882352941,72.9764705882,0.300823529412,2120.0,0.0205117647059,1.45172145046
num-500000,16000.0,1.00666666667,1.15166666667,0.936277777778,19705.5555556,2.30611111111,57.6222222222,1.23444444444,0.231388888889,149.0,0.00755277777778,0.995888888889,0.605333333333,3.06722222222e-05,2.47,61.7277777778,0.8395,2135.0,0.212166666667,1.56027925133
num-500000,17116.6666667,1.01366666667,1.34,1.00816666667,22722.2222222,2.67722222222,66.9555555556,1.32611111111,0.924611111111,5.17333333333,0.000227055555556,0.995,0.0267244444444,1.166e-06,2.65277777778,66.3277777778,0.297944444444,2121.11111111,0.0180511111111,1.60388410465
num-500000,8941.81818182,1.05,0.987636363636,0.522,16909.0909091,1.97727272727,49.3727272727,1.89272727273,0.108809090909,108.818181818,0.00643909090909,0.999727272727,0.0595363636364,3.49363636364e-06,3.78818181818,94.6727272727,0.328454545455,2140.90909091,0.0326727272727,0.984541398755
num-500000,10426.1538462,1.00523076923,1.05738461538,0.616615384615,17884.6153846,2.11538461538,52.8923076923,1.72153846154,0.842307692308,3.48923076923,0.000196384615385,0.938846153846,0.0383923076923,2.16915384615e-06,3.44153846154,86.0692307692,0.305923076923,2113.07692308,0.0210838461538,1.149065953
num-500000,15670.5882353,1.01411764706,1.13941176471,0.932176470588,19152.9411765,2.27882352941,56.9529411765,1.22294117647,0.166294117647,125.188235294,0.00652588235294,0.999882352941,0.0313135294118,1.63194117647e-06,2.44882352941,61.1941176471,0.299,2100.58823529,0.0200070588235,1.47946540748
num-500000,13214.2857143,1.00614285714,1.20714285714,0.783142857143,20342.8571429,2.41285714286,60.3285714286,1.54428571429,0.0953571428571,101.25,0.00499428571429,0.999785714286,0.0288285714286,1.41564285714e-06,3.08785714286,77.2071428571,0.296428571429,2107.14285714,0.0193071428571,1.25844453604
num-600000,10648.75,1.010875,1.0725625,0.6230625,18325.0,2.144375,53.6125,1.7275,0.8313125,4.086875,0.00022448125,0.950125,0.035259375,1.9326875e-06,3.454375,86.35,0.3079375,2136.25,0.020158875,1.17955891966
num-600000,12764.7058824,1.01482352941,1.03647058824,0.751588235294,17605.8823529,2.07588235294,51.9058823529,1.38058823529,0.853058823529,10.8429411765,0.000618764705882,0.913176470588,0.590470588235,3.36117647059e-05,2.76176470588,69.0294117647,0.978764705882,2122.35294118,0.203588235294,1.28726425748
num-600000,13993.75,1.05,0.9729375,0.828125,16443.75,1.945,48.63125,1.175625,0.08961875,225.8125,0.013695,0.9990625,0.179,1.0841875e-05,2.349375,58.76875,0.39525,2113.125,0.06438125,1.2167148093
num-600000,13223.5294118,1.00858823529,1.12294117647,0.777470588235,19111.7647059,2.24764705882,56.1941176471,1.44882352941,0.321411764706,55.0235294118,0.00287176470588,0.999588235294,0.0304323529412,1.60847058824e-06,2.89705882353,72.4294117647,0.300235294118,2123.52941176,0.0200288235294,1.29731457755
num-600000,17209.0909091,1.00345454545,1.36181818182,0.998363636364,23459.0909091,2.72272727273,68.0681818182,1.36409090909,0.952545454545,4.92136363636,0.000210772727273,0.993727272727,0.0291754545455,1.23831818182e-06,2.72636363636,68.15,0.304318181818,2155.45454545,0.0178805909091,1.63991066277
num-600000,17231.8181818,1.01563636364,1.17727272727,1.00468181818,20168.1818182,2.35409090909,58.8454545455,1.17136363636,0.0508636363636,223.045454545,0.0109927272727,1.0,0.0314845454545,1.57590909091e-06,2.34181818182,58.55,0.301545454545,2144.09090909,0.017635,1.65327706062
num-600000,14158.8235294,1.00894117647,1.04994117647,0.838470588235,17717.6470588,2.10176470588,52.5235294118,1.25647058824,0.158,168.764705882,0.00946647058824,0.999941176471,0.0278282352941,1.58611764706e-06,2.50882352941,62.7470588235,0.293588235294,2108.23529412,0.0182757058824,1.24838885372
num-600000,14141.1764706,1.00929411765,1.15764705882,0.833411764706,19647.0588235,2.31529411765,57.8764705882,1.39058823529,0.744352941176,42.8,0.00217882352941,0.999352941176,0.0287617647059,1.46358823529e-06,2.77941176471,69.4882352941,0.299882352941,2122.94117647,0.0196294117647,1.29967295383
num-600000,16968.1818182,1.01472727273,1.27136363636,1.00427272727,21490.9090909,2.54318181818,63.5818181818,1.26681818182,0.0549227272727,177.727272727,0.00827045454545,1.0,0.0277454545455,1.29390909091e-06,2.53409090909,63.3590909091,0.296727272727,2111.81818182,0.0179177727273,1.63103780628
num-600000,17318.1818182,1.01972727273,1.25272727273,1.01295454545,21440.9090909,2.50772727273,62.6772727273,1.23727272727,0.661090909091,59.7681818182,0.00277454545455,0.999454545455,0.03463,1.63459090909e-06,2.47318181818,61.85,0.303590909091,2139.09090909,0.0182190909091,1.61627506193
num-600000,8684.28571429,1.01635714286,0.949071428571,0.505785714286,16300.0,1.9,47.4714285714,1.87928571429,0.146857142857,90.45,0.00555142857143,0.999571428571,0.0593357142857,3.65571428571e-06,3.75642857143,93.9071428571,0.331285714286,2146.42857143,0.0342514285714,1.03522672404
num-600000,14815.7894737,1.00578947368,1.15052631579,0.878210526316,19426.3157895,2.3,57.5315789474,1.31473684211,0.238421052632,148.578947368,0.00764947368421,0.997789473684,0.335157894737,1.72794736842e-05,2.62947368421,65.7263157895,0.628894736842,2110.0,0.107031578947,1.41900049062
num-600000,17323.8095238,1.02123809524,1.39761904762,1.01128571429,23957.1428571,2.79904761905,69.9428571429,1.38428571429,0.901,3.42285714286,0.000143333333333,0.934523809524,0.02826,1.17866666667e-06,2.76714285714,69.1714285714,0.303714285714,2142.38095238,0.0195319047619,1.62280208741
num-600000,17440.9090909,1.01618181818,1.49272727273,1.00977272727,25750.0,2.98545454545,74.5954545455,1.47636363636,0.9825,1.183,4.65590909091e-05,0.909454545455,0.0466704545455,1.88781818182e-06,2.95272727273,73.8136363636,0.315954545455,2156.36363636,0.0187032272727,1.699118473
num-600000,16954.5454545,1.00113636364,1.22545454545,0.992727272727,20927.2727273,2.45090909091,61.2681818182,1.23409090909,0.0548818181818,235.772727273,0.0111990909091,0.999863636364,0.0681090909091,3.27545454545e-06,2.46909090909,61.7,0.324227272727,2133.18181818,0.0284872727273,1.64763043611
num-600000,16921.7391304,1.00652173913,1.23347826087,1.00117391304,20826.0869565,2.4647826087,61.652173913,1.23086956522,0.17452173913,159.434782609,0.00761347826087,0.99947826087,0.100230434783,4.81260869565e-06,2.46043478261,61.5260869565,0.352739130435,2110.0,0.0431,1.68743101156
num-600000,16176.1904762,1.00447619048,1.41238095238,0.96,23790.4761905,2.82428571429,70.5904761905,1.47285714286,0.968095238095,2.22238095238,9.37904761905e-05,0.936619047619,0.03005,1.25866666667e-06,2.94333333333,73.6,0.299571428571,2104.28571429,0.0187542857143,1.56489114067
num-600000,16015.0,1.0194,1.1185,0.9369,19100.0,2.238,55.92,1.1965,0.17465,117.49,0.0061605,0.9998,0.0308865,1.61785e-06,2.3905,59.76,0.30105,2132.5,0.0173535,1.47085785227
num-600000,16582.6086957,1.01013043478,1.34913043478,0.975565217391,22904.3478261,2.69652173913,67.4217391304,1.38260869565,0.900130434783,5.61434782609,0.000245260869565,0.937652173913,0.251869565217,1.10182608696e-05,2.76608695652,69.147826087,0.543739130435,2122.17391304,0.0896086956522,1.67685010416
num-600000,13400.0,1.01382352941,1.18117647059,0.796941176471,19876.4705882,2.36352941176,59.0823529412,1.48352941176,0.0964294117647,98.2352941176,0.00494529411765,0.999705882353,0.0331464705882,1.66047058824e-06,2.96941176471,74.2352941176,0.297470588235,2101.76470588,0.019475,1.2593389168
num-100000,13050.0,1.05,1.025,0.761,17600.0,2.05,51.25,1.345,0.8475,12.3,0.0006995,0.8915,0.924,5.225e-05,2.7,67.4,1.195,2150.0,0.368,1.14887469649
num-100000,9280.0,1.05,0.918,0.5395,15800.0,1.835,45.9,1.7,0.132,111.0,0.00705,0.999,0.129,8.07e-06,3.405,85.1,0.3755,2140.0,0.0651,0.988964618512
num-100000,16375.0,0.9905,1.4225,0.9515,24475.0,2.845,71.075,1.495,0.968,2.825,0.0001152,0.9485,0.0578,2.3515e-06,2.99,74.725,0.32425,2147.5,0.03305,1.63077248361
num-100000,16533.3333333,1.05,1.05,0.971,17866.6666667,2.1,52.4666666667,1.08,0.281,47.6666666667,0.00267,0.999,0.0439,2.42433333333e-06,2.16333333333,54.0666666667,0.313666666667,2130.0,0.0369,1.2409824053
num-100000,13050.0,0.974,1.14,0.749,20000.0,2.29,57.15,1.525,0.106,91.9,0.0046,1.0,0.0311,1.56e-06,3.055,76.35,0.31,2160.0,0.03235,1.10257218152
num-100000,13200.0,1.05,0.9155,0.775,15600.0,1.83,45.75,1.185,0.106,172.5,0.01105,0.999,0.13275,8.53e-06,2.365,59.1,0.3695,2135.0,0.0563,1.16325140577
num-100000,18000.0,1.05,1.36666666667,1.04,23566.6666667,2.73333333333,68.3,1.31333333333,0.958,4.04666666667,0.000172,0.993666666667,0.02641,1.11533333333e-06,2.62,65.5333333333,0.303,2153.33333333,0.0244333333333,1.44668161221
num-100000,14533.3333333,1.05,1.19,0.860666666667,20100.0,2.37666666667,59.4333333333,1.38333333333,0.207666666667,146.0,0.00728333333333,0.997666666667,0.347,1.72666666667e-05,2.76666666667,69.1666666667,0.612666666667,2110.0,0.142666666667,1.19663825424
num-100000,17600.0,1.02866666667,1.46,1.02133333333,25066.6666667,2.91666666667,72.9333333333,1.42666666667,0.977,1.28533333333,5.20333333333e-05,0.919,0.0423333333333,1.68666666667e-06,2.85,71.2666666667,0.313333333333,2140.0,0.0287666666667,1.46055789101
num-100000,15550.0,1.05,1.23,0.915,20850.0,2.46,61.4,1.345,0.161,235.5,0.01125,0.9995,0.06725,3.2585e-06,2.685,67.1,0.3205,2125.0,0.0465,1.10271054701
num-100000,17700.0,1.05,1.41333333333,1.04,23966.6666667,2.82333333333,70.6666666667,1.35666666667,0.907333333333,3.30666666667,0.000138,0.912666666667,0.02189,9.17e-07,2.71333333333,67.8,0.296333333333,2123.33333333,0.0252333333333,1.514634266
num-100000,18000.0,1.05,1.16333333333,1.03666666667,20100.0,2.32666666667,58.1333333333,1.12,0.0752333333333,145.333333333,0.00722666666667,0.999666666667,0.0592933333333,2.92266666667e-06,2.23666666667,55.9,0.322666666667,2163.33333333,0.0361333333333,1.41270623539
num-100000,17700.0,1.05,1.29,1.04,21933.3333333,2.58333333333,64.6333333333,1.24,0.151666666667,150.666666667,0.00686666666667,0.998666666667,0.172433333333,7.87e-06,2.48,62.0,0.399333333333,2123.33333333,0.0657666666667,1.4561621526
num-100000,11050.0,1.05,1.06,0.638,18350.0,2.125,53.15,1.675,0.8415,5.535,0.0003005,0.958,0.0513,2.795e-06,3.34,83.6,0.3245,2160.0,0.05295,1.07493656953
num-100000,14633.3333333,1.05,1.18666666667,0.853,20333.3333333,2.37666666667,59.4,1.39333333333,0.716666666667,46.3666666667,0.00227,0.998333333333,0.067,3.33e-06,2.78666666667,69.6666666667,0.318666666667,2123.33333333,0.039,1.23411301679
num-100000,16400.0,0.974,1.17333333333,0.966666666667,19933.3333333,2.35333333333,58.7666666667,1.22,0.0624,194.666666667,0.00969666666667,0.999333333333,0.0973333333333,4.89e-06,2.43333333333,60.8333333333,0.340666666667,2123.33333333,0.0467333333333,1.55366542431
num-100000,13000.0,1.05,1.185,0.7625,20150.0,2.37,59.2,1.55,0.2375,66.25,0.003285,0.9995,0.02865,1.4285e-06,3.11,77.7,0.299,2125.0,0.03205,1.11629040238
num-100000,16825.0,0.998,1.1725,0.993,19900.0,2.345,58.625,1.18,0.71075,46.525,0.00234,0.99925,0.041675,2.09325e-06,2.36,59.075,0.30575,2117.5,0.029375,1.63118999844
num-100000,17100.0,1.05,1.39,1.005,23666.6666667,2.78,69.5666666667,1.38666666667,0.910666666667,5.85333333333,0.000248,0.940333333333,0.288333333333,1.221e-05,2.77333333333,69.3333333333,0.519,2123.33333333,0.109733333333,1.34109112844
num-100000,17766.6666667,1.05,1.30666666667,1.04,22266.6666667,2.61333333333,65.3333333333,1.25333333333,0.052,186.666666667,0.00837333333333,1.0,0.0571666666667,2.58e-06,2.50666666667,62.7,0.319333333333,2133.33333333,0.0331666666667,1.46124108139
num-900000,14340.0,1.02144,1.1508,0.84264,19608.0,2.304,57.56,1.368,0.66328,48.088,0.002456,0.99928,0.0371524,1.90516e-06,2.7368,68.424,0.30428,2128.8,0.0184804,1.26213011753
num-900000,16323.3333333,1.01306666667,1.37833333333,0.946966666667,23760.0,2.757,68.93,1.45666666667,0.969233333333,2.17093333333,9.19066666667e-05,0.9169,0.029536,1.24746666667e-06,2.91266666667,72.83,0.305333333333,2154.33333333,0.0174406666667,1.49698586852
num-900000,14351.8518519,1.01688888889,1.11266666667,0.853925925926,18725.9259259,2.22703703704,55.6555555556,1.3037037037,0.136222222222,180.703703704,0.00961666666667,0.999925925926,0.0339237037037,1.84062962963e-06,2.60851851852,65.2074074074,0.296259259259,2102.22222222,0.0161686296296,1.31970306849
num-900000,17182.3529412,1.00855882353,1.36794117647,1.00085294118,23461.7647059,2.735,68.3823529412,1.36647058824,0.884176470588,4.22441176471,0.000179608823529,0.941,0.0275147058824,1.17580882353e-06,2.73294117647,68.3088235294,0.303382352941,2146.47058824,0.0163186176471,1.70471172894
num-900000,16864.7058824,1.01376470588,1.21941176471,1.00211764706,20514.7058824,2.43676470588,60.9294117647,1.21558823529,0.0504235294118,232.235294118,0.0112988235294,0.999970588235,0.0343164705882,1.67487647059e-06,2.43176470588,60.8029411765,0.297352941176,2104.11764706,0.0167926176471,1.65371371489
num-900000,17022.8571429,1.00822857143,1.49085714286,1.00242857143,25297.1428571,2.98057142857,74.5171428571,1.48514285714,0.972514285714,1.90162857143,7.56457142857e-05,0.945257142857,0.0310454285714,1.23197142857e-06,2.97171428571,74.2685714286,0.3018,2121.14285714,0.0169610571429,1.72744944888
num-900000,8273.33333333,1.01461904762,0.911523809524,0.482523809524,15633.3333333,1.82238095238,45.580952381,1.89238095238,0.11869047619,99.0666666667,0.00636904761905,0.999571428571,0.0585380952381,3.72028571429e-06,3.78619047619,94.6523809524,0.328666666667,2144.28571429,0.0292885714286,1.06895192013
num-900000,16997.0588235,1.01385294118,1.26352941176,1.00658823529,21335.2941176,2.52911764706,63.2205882353,1.25588235294,0.0557147058824,265.147058824,0.0123823529412,0.999852941176,0.0684941176471,3.24764705882e-06,2.51235294118,62.8088235294,0.321323529412,2110.88235294,0.02827,1.66773300334
num-900000,17114.7058824,1.00914705882,1.25029411765,0.9995,21397.0588235,2.50029411765,62.5147058824,1.25029411765,0.0607176470588,159.05,0.007385,0.999911764706,0.0287058823529,1.34162941176e-06,2.50147058824,62.5264705882,0.300852941176,2138.23529412,0.0160758235294,1.67482811321
num-900000,17462.8571429,1.01588571429,1.34828571429,1.00968571429,23282.8571429,2.69571428571,67.3942857143,1.334,0.926742857143,6.43457142857,0.000279228571429,0.995542857143,0.0288451428571,1.24459142857e-06,2.66628571429,66.6685714286,0.304571428571,2158.0,0.0166910285714,1.77680008482
num-900000,13140.0,1.0058,1.1236,0.76696,19240.0,2.2468,56.176,1.466,0.21304,84.952,0.0044172,0.99972,0.027714,1.44608e-06,2.9328,73.3,0.3008,2140.4,0.0160572,1.26835172337
num-900000,13292.0,1.02212,1.26,0.78744,21276.0,2.522,63.044,1.6024,0.085444,96.92,0.0045704,0.99972,0.0296244,1.3964e-06,3.2044,80.12,0.298,2107.6,0.0171616,1.24054706323
num-900000,17388.2352941,1.01347058824,1.21235294118,1.00685294118,20897.0588235,2.42294117647,60.5676470588,1.20235294118,0.687441176471,49.8676470588,0.00238,0.999529411765,0.0311808823529,1.49638235294e-06,2.40382352941,60.1147058824,0.304558823529,2157.94117647,0.0168232352941,1.70190166636
num-900000,10651.6666667,1.00758333333,1.07025,0.631958333333,18054.1666667,2.14375,53.5708333333,1.7,0.824208333333,4.84125,0.00027125,0.9605,0.0316295833333,1.7475e-06,3.40041666667,85.0125,0.301041666667,2106.66666667,0.01748125,1.19461062064
num-900000,14011.1111111,1.02718518519,0.967111111111,0.832296296296,16274.0740741,1.9337037037,48.3703703704,1.16366666667,0.0949037037037,248.148148148,0.015147037037,0.998925925926,0.24137037037,1.48551851852e-05,2.32814814815,58.1925925926,0.42862962963,2101.85185185,0.0617148148148,1.32545761753
num-900000,15609.6774194,1.01051612903,1.15064516129,0.927483870968,19377.4193548,2.30161290323,57.535483871,1.24225806452,0.160129032258,153.461290323,0.00789290322581,0.999967741935,0.0332567741935,1.715e-06,2.48419354839,62.1064516129,0.298193548387,2103.87096774,0.0178029032258,1.51294870629
num-900000,15577.4193548,1.01235483871,1.13148387097,0.911483870968,19322.5806452,2.26193548387,56.5516129032,1.24548387097,0.253483870968,144.019354839,0.00744032258065,0.997161290323,0.395322580645,2.05451612903e-05,2.49032258065,62.2709677419,0.720258064516,2136.12903226,0.118351612903,1.53385833892
num-900000,16817.1428571,1.00762857143,1.34828571429,0.978971428571,23171.4285714,2.69457142857,67.38,1.37657142857,0.904857142857,5.55428571429,0.000240657142857,0.931514285714,0.264885714286,1.15294285714e-05,2.754,68.8542857143,0.526828571429,2147.42857143,0.111634285714,1.73110359027
num-900000,12609.6774194,1.0105483871,1.05748387097,0.745677419355,17900.0,2.11612903226,52.9064516129,1.41870967742,0.839258064516,15.9709677419,0.000891709677419,0.944096774194,0.614806451613,3.43516129032e-05,2.83967741935,70.9774193548,1.02535483871,2114.51612903,0.218741935484,1.53320760297
num-900000,17048.4848485,1.01042424242,1.25939393939,1.00439393939,21366.6666667,2.51696969697,62.9424242424,1.25272727273,0.156393939394,152.563636364,0.00710303030303,0.999242424242,0.107051515152,5.01212121212e-06,2.50424242424,62.6212121212,0.364454545455,2120.90909091,0.0427303030303,1.65590198698
num-1000000,14355.1724138,1.05,0.966206896552,0.844,16424.137931,1.93206896552,48.2965517241,1.14655172414,0.122834482759,164.172413793,0.010014137931,0.998724137931,0.222265517241,1.35393103448e-05,2.29206896552,57.3103448276,0.411827586207,2125.17241379,0.0590413793103,1.24181265
num-1000000,14331.0344828,1.00810344828,1.10786206897,0.841103448276,18868.9655172,2.21413793103,55.3482758621,1.31724137931,0.183551724138,161.448275862,0.00853896551724,0.999896551724,0.0301893103448,1.59920689655e-06,2.63379310345,65.8517241379,0.298689655172,2129.65517241,0.0167605862069,1.24121905668
num-1000000,15847.0588235,1.01008823529,1.43382352941,0.941382352941,24150.0,2.86735294118,71.6882352941,1.52411764706,0.972205882353,2.22676470588,9.22441176471e-05,0.9485,0.0228173529412,9.47061764706e-07,3.04794117647,76.2,0.294147058824,2103.82352941,0.0159068823529,1.43207666752
num-1000000,16978.9473684,1.01497368421,1.22605263158,1.00836842105,20639.4736842,2.45157894737,61.2763157895,1.215,0.745394736842,37.6710526316,0.00182105263158,0.999210526316,0.0312089473684,1.50618421053e-06,2.43,60.7605263158,0.297236842105,2103.42105263,0.0168263157895,1.60329643282
num-1000000,15679.4117647,1.00911764706,1.09988235294,0.925264705882,18644.1176471,2.20058823529,55.0117647059,1.19,0.197852941176,100.341176471,0.00535911764706,0.999735294118,0.0364838235294,1.96158823529e-06,2.37941176471,59.4941176471,0.302176470588,2117.35294118,0.0171767647059,1.45365186432
num-1000000,16338.8888889,1.00738888889,1.34111111111,0.969388888889,22605.5555556,2.68222222222,67.0527777778,1.38333333333,0.90125,6.04444444444,0.000268944444444,0.942527777778,0.241972222222,1.07688888889e-05,2.76944444444,69.2333333333,0.579972222222,2106.11111111,0.0913472222222,1.55564999411
num-1000000,14067.7419355,1.01283870968,1.15,0.834290322581,19387.0967742,2.30032258065,57.5129032258,1.37806451613,0.705161290323,34.3967741935,0.00176580645161,0.999161290323,0.0283422580645,1.47119354839e-06,2.75806451613,68.9258064516,0.296967741935,2106.12903226,0.0153838709677,1.30398115428
num-1000000,13142.8571429,1.01560714286,1.14321428571,0.767892857143,19592.8571429,2.28535714286,57.1535714286,1.49178571429,0.205714285714,80.7928571429,0.00412785714286,0.999678571429,0.0339767857143,1.70064285714e-06,2.985,74.625,0.304357142857,2140.35714286,0.0189841785714,1.21282177452
num-1000000,12522.5806452,1.01296774194,1.04661290323,0.742741935484,17632.2580645,2.09193548387,52.2935483871,1.40967741935,0.798677419355,13.7012903226,0.000780483870968,0.919580645161,0.722064516129,4.10032258065e-05,2.81903225806,70.4677419355,1.13741935484,2107.41935484,0.232903225806,1.32693710809
num-1000000,16989.4736842,1.00821052632,1.37210526316,0.997236842105,23384.2105263,2.74447368421,68.6210526316,1.375,0.877868421053,4.59971052632,0.000197354210526,0.935026315789,0.0301831578947,1.29539473684e-06,2.75184210526,68.7815789474,0.302447368421,2129.47368421,0.0171511315789,1.61589184593
num-1000000,17405.4054054,1.01686486486,1.26189189189,1.00635135135,21805.4054054,2.52243243243,63.0621621622,1.25297297297,0.0645513513514,163.916216216,0.00750486486486,0.999918918919,0.0351891891892,1.60586486486e-06,2.50486486486,62.6216216216,0.30627027027,2161.62162162,0.0172593243243,1.59540671315
num-1000000,17281.0810811,1.0247027027,1.17945945946,1.01243243243,20143.2432432,2.36081081081,59.0243243243,1.16540540541,0.0535459459459,223.675675676,0.0110816216216,0.999945945946,0.0487172972973,2.44367567568e-06,2.33135135135,58.2783783784,0.308621621622,2131.89189189,0.0176506756757,1.58522306941
num-1000000,15211.7647059,1.01388235294,1.12988235294,0.8985,19135.2941176,2.26294117647,56.5441176471,1.26294117647,0.206470588235,157.029411765,0.00820911764706,0.997,0.464441176471,2.41652941176e-05,2.52705882353,63.1647058824,0.707941176471,2112.64705882,0.161597058824,1.4502218854
num-1000000,16916.2162162,1.0112972973,1.21810810811,1.00067567568,20613.5135135,2.43756756757,60.9486486486,1.2172972973,0.0516351351351,246.108108108,0.0118440540541,0.998243243243,0.45472972973,2.17532432432e-05,2.43567567568,60.8864864865,0.391810810811,2112.7027027,0.0809540540541,1.58537316982
num-1000000,17171.0526316,1.01526315789,1.46315789474,1.00926315789,24878.9473684,2.92447368421,73.1342105263,1.44815789474,0.978105263158,1.48508421053,6.02981578947e-05,0.909921052632,0.0261315789474,1.05755263158e-06,2.89447368421,72.3894736842,0.298894736842,2126.31578947,0.0169837368421,1.63255197887
num-1000000,10373.8461538,1.00419230769,1.06923076923,0.612230769231,18123.0769231,2.13692307692,53.4192307692,1.74807692308,0.831192307692,4.16961538462,0.000232373076923,0.941307692308,0.02804,1.55842307692e-06,3.49615384615,87.4038461538,0.299807692308,2119.61538462,0.0166357692308,1.13363549261
num-1000000,17395.1219512,1.01575609756,1.38707317073,1.00951219512,23892.6829268,2.77609756098,69.387804878,1.37341463415,0.977414634146,2.2087804878,9.28926829268e-05,0.986926829268,0.0291209756098,1.22561463415e-06,2.74634146341,68.6682926829,0.303682926829,2152.43902439,0.0163222926829,1.7631449509
num-1000000,17448.7179487,1.00794871795,1.26128205128,1.00225641026,21933.3333333,2.52282051282,63.0666666667,1.25769230769,0.141641025641,180.256410256,0.00819948717949,0.99958974359,0.104669230769,4.83974358974e-06,2.5141025641,62.8512820513,0.367717948718,2172.82051282,0.0420564102564,1.7124862221
num-1000000,8330.0,1.01479166667,0.93075,0.494708333333,15666.6666667,1.86166666667,46.5291666667,1.88416666667,0.13775,92.3458333333,0.00590708333333,0.999416666667,0.0595895833333,3.75616666667e-06,3.76541666667,94.1416666667,0.324625,2103.33333333,0.02877125,1.02044668468
num-1000000,13334.4827586,1.01337931034,1.30965517241,0.785655172414,22217.2413793,2.61827586207,65.4655172414,1.6675862069,0.0744517241379,96.4172413793,0.00434655172414,0.99975862069,0.0275572413793,1.25748275862e-06,3.33620689655,83.4103448276,0.298827586207,2121.72413793,0.0176127586207,1.22903257885
num-400000,10757.0,1.0348,1.0808,0.6229,18680.0,2.162,54.02,1.739,0.8227,4.563,0.00024518,0.981,0.025495,1.3501e-06,3.478,86.95,0.3041,2162.0,0.0217491,1.11920116954
num-400000,17221.4285714,1.007,1.18357142857,1.00185714286,20307.1428571,2.365,59.1285714286,1.17928571429,0.0669857142857,178.214285714,0.00873214285714,0.999714285714,0.0792285714286,3.90785714286e-06,2.35928571429,58.9571428571,0.327714285714,2148.57142857,0.0314428571429,1.57239909358
num-400000,14153.8461538,1.00369230769,1.13923076923,0.829615384615,19438.4615385,2.27769230769,56.9692307692,1.37153846154,0.679692307692,46.8461538462,0.00240153846154,0.999461538462,0.0325023076923,1.67846153846e-06,2.74615384615,68.6384615385,0.301692307692,2131.53846154,0.0186723076923,1.41858500161
num-400000,15358.3333333,1.01033333333,1.132,0.8885,19566.6666667,2.26583333333,56.625,1.28416666667,0.247416666667,123.858333333,0.00625,0.995333333333,0.479333333333,2.44583333333e-05,2.56583333333,64.175,0.719416666667,2155.83333333,0.169141666667,1.35199098381
num-400000,8671.11111111,1.04044444444,0.944888888889,0.505222222222,16211.1111111,1.89,47.2444444444,1.87333333333,0.108822222222,108.366666667,0.00669111111111,0.999666666667,0.0534555555556,3.29777777778e-06,3.74444444444,93.6333333333,0.328444444444,2144.44444444,0.0341666666667,0.974942549082
num-400000,13009.0909091,0.994727272727,1.29818181818,0.772909090909,21863.6363636,2.59545454545,64.8909090909,1.68181818182,0.0772454545455,96.5272727273,0.00442090909091,0.999818181818,0.0259381818182,1.17263636364e-06,3.36545454545,84.1272727273,0.296090909091,2102.72727273,0.0202802727273,1.19841518962
num-400000,16238.4615385,1.01338461538,1.39769230769,0.951,23876.9230769,2.79769230769,69.9307692308,1.47230769231,0.968384615385,2.11153846154,8.86307692308e-05,0.926230769231,0.0310407692308,1.30792307692e-06,2.94076923077,73.5461538462,0.304230769231,2131.53846154,0.0193923076923,1.41792016716
num-400000,16764.2857143,1.00771428571,1.33928571429,0.974285714286,23071.4285714,2.68142857143,67.0428571429,1.37642857143,0.899142857143,6.23642857143,0.0002705,0.937714285714,0.273285714286,1.18714285714e-05,2.75428571429,68.8714285714,0.552714285714,2151.42857143,0.0862071428571,1.55937698185
num-400000,17192.8571429,1.00742857143,1.27428571429,0.994571428571,21978.5714286,2.54714285714,63.6571428571,1.27785714286,0.0716428571429,146.942857143,0.00661785714286,0.999857142857,0.0410835714286,1.90871428571e-06,2.55571428571,63.8571428571,0.309428571429,2160.71428571,0.0194307142857,1.54154637149
num-400000,17250.0,1.00678571429,1.49285714286,1.00128571429,25700.0,2.985,74.6428571429,1.49,0.9385,3.94,0.000153514285714,0.990428571429,0.0319078571429,1.23342857143e-06,2.97857142857,74.5,0.306357142857,2151.42857143,0.0220742857143,1.55669172327
num-400000,14550.0,0.99975,1.115,0.849583333333,19066.6666667,2.22833333333,55.6916666667,1.31,0.134916666667,185.916666667,0.00972666666667,0.999916666667,0.0373258333333,1.98625e-06,2.62333333333,65.5666666667,0.305,2140.0,0.0206408333333,1.30634110608
num-400000,17178.5714286,1.01714285714,1.38357142857,1.00928571429,23521.4285714,2.765,69.1571428571,1.36928571429,0.933,2.53842857143,0.00010715,0.903785714286,0.0392242857143,1.68292857143e-06,2.73785714286,68.4642857143,0.309428571429,2127.14285714,0.0216614285714,1.55079093811
num-400000,15576.9230769,1.02,1.12384615385,0.924230769231,18923.0769231,2.24692307692,56.1615384615,1.21538461538,0.201769230769,145.769230769,0.00770692307692,0.999846153846,0.0353346153846,1.86453846154e-06,2.43384615385,60.8230769231,0.297846153846,2106.92307692,0.0203723076923,1.37066083985
num-400000,14230.0,1.05,0.9727,0.8409,16460.0,1.943,48.62,1.158,0.1109,155.8,0.00947,0.9987,0.2308,1.4e-05,2.314,57.88,0.4137,2117.0,0.06835,1.1286371549
num-400000,16920.0,1.00926666667,1.204,1.0034,20306.6666667,2.408,60.2133333333,1.2,0.664666666667,42.7533333333,0.00210066666667,0.9994,0.0311406666667,1.53006666667e-06,2.39933333333,59.9866666667,0.2992,2104.66666667,0.020164,1.57775563858
num-400000,13363.6363636,1.02409090909,1.14818181818,0.784090909091,19600.0,2.29818181818,57.4363636364,1.46454545455,0.264181818182,68.0272727273,0.00347,0.999727272727,0.0333354545455,1.70618181818e-06,2.93454545455,73.3272727273,0.304181818182,2130.0,0.0226909090909,1.23835912171
num-400000,12875.0,1.01583333333,1.03575,0.75075,17750.0,2.07083333333,51.7833333333,1.38,0.823666666667,12.3083333333,0.0006965,0.89375,0.835166666667,4.71583333333e-05,2.76,68.9666666667,1.03366666667,2140.83333333,0.32575,1.2719828626
num-400000,16973.3333333,1.0092,1.28066666667,1.00393333333,21653.3333333,2.56266666667,64.0466666667,1.274,0.161266666667,163.6,0.007534,0.999266666667,0.113053333333,5.264e-06,2.54866666667,63.7133333333,0.361333333333,2113.33333333,0.04526,1.57266442029
num-400000,17664.2857143,1.0155,1.38142857143,1.00907142857,24192.8571429,2.76714285714,69.1428571429,1.36928571429,0.9435,5.84214285714,0.000242142857143,0.995571428571,0.0254935714286,1.05864285714e-06,2.73857142857,68.4714285714,0.306428571429,2184.28571429,0.0195123571429,1.56850639851
num-400000,17828.5714286,1.05,1.24071428571,1.03857142857,21228.5714286,2.47857142857,61.9642857143,1.19214285714,0.0585714285714,223.285714286,0.0104378571429,1.0,0.0336335714286,1.59192857143e-06,2.38428571429,59.5928571429,0.301285714286,2142.85714286,0.0206642857143,1.51129498274
num-200000,11260.0,1.05,1.11,0.6658,18780.0,2.222,55.54,1.674,0.8484,3.664,0.0001958,0.923,0.03518,1.8884e-06,3.348,83.68,0.3048,2114.0,0.0257,1.07983322035
num-200000,15216.6666667,1.007,1.16166666667,0.8815,20066.6666667,2.32666666667,58.1333333333,1.32166666667,0.229333333333,142.666666667,0.00710833333333,0.9975,0.350666666667,1.73666666667e-05,2.64333333333,66.1,0.665,2155.0,0.128783333333,1.33914594706
num-200000,17187.5,1.00825,1.23125,1.001875,21087.5,2.4625,61.5375,1.2275,0.674125,69.625,0.00330125,0.99975,0.032225,1.552125e-06,2.45625,61.375,0.30275,2141.25,0.0233875,1.69603531579
num-200000,12950.0,1.01466666667,1.04916666667,0.748,18150.0,2.095,52.4,1.40166666667,0.8365,12.3333333333,0.0006805,0.891333333333,0.894833333333,4.95833333333e-05,2.80333333333,70.0833333333,1.175,2163.33333333,0.3875,1.31418192731
num-200000,16657.1428571,0.982,1.21571428571,0.971571428571,20871.4285714,2.43285714286,60.7857142857,1.25285714286,0.0549714285714,171.0,0.00820714285714,1.0,0.02625,1.27371428571e-06,2.50714285714,62.6571428571,0.298285714286,2140.0,0.0184142857143,1.63716211876
num-200000,12940.0,1.05,1.166,0.7622,19780.0,2.332,58.26,1.53,0.317,55.0,0.002778,0.9994,0.02844,1.4392e-06,3.06,76.52,0.3,2120.0,0.02694,1.12746715273
num-200000,8542.5,1.05,0.92875,0.50475,15675.0,1.8575,46.45,1.845,0.14975,91.275,0.005825,0.99975,0.057225,3.71e-06,3.6925,92.25,0.32675,2112.5,0.03675,0.997512591892
num-200000,14683.3333333,1.03066666667,1.03433333333,0.8625,17616.6666667,2.07,51.7666666667,1.20166666667,0.181333333333,135.333333333,0.007655,1.0,0.0363666666667,2.03e-06,2.40333333333,60.0666666667,0.3025,2128.33333333,0.0269666666667,1.28611770842
num-200000,14020.0,1.035,1.338,0.813,23000.0,2.674,66.88,1.648,0.08388,99.8,0.004344,0.9998,0.02854,1.235e-06,3.296,82.42,0.3042,2152.0,0.0269,1.21766700258
num-200000,17471.4285714,1.05,1.14857142857,1.03857142857,19328.5714286,2.30428571429,57.5285714286,1.10714285714,0.0786142857143,150.714285714,0.00780714285714,0.999857142857,0.0293242857143,1.505e-06,2.21428571429,55.3285714286,0.294571428571,2100.0,0.0226,1.53634356186
num-200000,13766.6666667,0.974,1.095,0.811666666667,18550.0,2.18833333333,54.6833333333,1.34833333333,0.714333333333,29.1166666667,0.00155233333333,0.998333333333,0.03875,2.14e-06,2.695,67.4333333333,0.304833333333,2120.0,0.02395,1.32004347355
num-200000,16900.0,1.00514285714,1.42714285714,1.001,24114.2857143,2.85714285714,71.4142857143,1.42428571429,0.943428571429,2.95428571429,0.000123,0.988571428571,0.02918,1.2191e-06,2.85142857143,71.2571428571,0.3,2110.0,0.0235915714286,1.58470831779
num-200000,17285.7142857,1.009,1.35714285714,1.00085714286,23400.0,2.71142857143,67.7857142857,1.35428571429,0.922142857143,2.50785714286,0.000106514285714,0.939857142857,0.0231071428571,9.84285714286e-07,2.70714285714,67.6857142857,0.303428571429,2151.42857143,0.0215,1.61432287597
num-200000,16171.4285714,0.983428571429,1.30428571429,0.940285714286,22457.1428571,2.61,65.2142857143,1.38857142857,0.970142857143,2.1,9.34e-05,0.922,0.03584,1.60342857143e-06,2.77857142857,69.4428571429,0.31,2152.85714286,0.0266857142857,1.482436168
num-200000,17485.7142857,1.02071428571,1.10285714286,1.01371428571,19000.0,2.20428571429,55.1285714286,1.08571428571,0.0668285714286,161.857142857,0.00852142857143,0.999857142857,0.0590571428571,3.10428571429e-06,2.17428571429,54.3285714286,0.319142857143,2160.0,0.0287428571429,1.5929654158
num-200000,14216.6666667,1.05,0.9955,0.846833333333,16716.6666667,1.99166666667,49.85,1.18333333333,0.0922833333333,255.333333333,0.0151966666667,0.998833333333,0.235,1.399e-05,2.36833333333,59.1333333333,0.442166666667,2100.0,0.07315,1.27808497765
num-200000,17675.0,1.05,1.39625,1.04,23675.0,2.79,69.8,1.3375,0.992,1.07375,4.6975e-05,0.947625,0.0397375,1.696e-06,2.68,66.95,0.30775,2120.0,0.0237,1.64504412076
num-200000,17214.2857143,1.03628571429,1.36857142857,1.01728571429,23114.2857143,2.73571428571,68.4,1.34428571429,0.874571428571,7.87857142857,0.000341714285714,0.957,0.292571428571,1.26128571429e-05,2.68714285714,67.2142857143,0.580428571429,2111.42857143,0.102585714286,1.59469764597
num-200000,15416.6666667,0.999833333333,1.04833333333,0.914166666667,17666.6666667,2.09333333333,52.3666666667,1.14333333333,0.181166666667,99.5666666667,0.00569166666667,0.999666666667,0.037815,2.10433333333e-06,2.29333333333,57.2666666667,0.303666666667,2108.33333333,0.0264305,1.40803301842
num-200000,17328.5714286,1.016,1.23571428571,1.01042857143,21185.7142857,2.47428571429,61.8571428571,1.22285714286,0.16,156.285714286,0.00739857142857,0.999285714286,0.120257142857,5.64571428571e-06,2.44428571429,61.1428571429,0.374285714286,2138.57142857,0.0510714285714,1.61791534068
num-700000,17057.6923077,1.00680769231,1.34692307692,1.001,22961.5384615,2.69538461538,67.3576923077,1.34576923077,0.964192307692,3.62730769231,0.000158303846154,0.993230769231,0.0252953846154,1.10842307692e-06,2.69038461538,67.2769230769,0.298846153846,2130.0,0.0172465769231,1.63908987686
num-700000,17112.0,1.01364,1.3504,0.9918,23308.0,2.7012,67.528,1.3612,0.8558,10.104,0.00043432,0.9622,0.32508,1.39912e-05,2.7252,68.12,0.63004,2159.2,0.104756,1.62770748825
num-700000,12705.0,1.01685,1.0816,0.7519,18290.0,2.1645,54.115,1.4395,0.85995,10.6705,0.00058475,0.89365,0.73415,4.029e-05,2.8795,71.975,1.136,2111.5,0.22015,1.30293781647
num-700000,17230.7692308,1.02011538462,1.21615384615,1.01338461538,20665.3846154,2.43,60.7730769231,1.19884615385,0.672807692308,51.7692307692,0.002505,0.999692307692,0.0267546153846,1.30092307692e-06,2.39884615385,59.9346153846,0.297807692308,2125.38461538,0.0164661538462,1.6261111803
num-700000,16755.5555556,1.00448148148,1.18851851852,0.996037037037,20007.4074074,2.37666666667,59.4333333333,1.19407407407,0.0522592592593,231.703703704,0.0115422222222,1.0,0.0280022222222,1.42366666667e-06,2.38592592593,59.6814814815,0.295444444444,2104.07407407,0.0175293333333,1.66071445481
num-700000,14185.0,1.00885,1.191,0.8385,20130.0,2.3805,59.52,1.4215,0.7884,36.72,0.0018225,0.99915,0.0290505,1.4486e-06,2.8435,71.055,0.29835,2111.5,0.019128,1.27836597904
num-700000,17173.0769231,1.00411538462,1.24807692308,0.994807692308,21546.1538462,2.49692307692,62.4307692308,1.255,0.0527653846154,184.384615385,0.00854846153846,1.0,0.0270034615385,1.25938461538e-06,2.51038461538,62.7615384615,0.302192307692,2156.15384615,0.0171670769231,1.65211861188
num-700000,13136.8421053,1.01831578947,1.14526315789,0.766684210526,19615.7894737,2.28894736842,57.2368421053,1.49631578947,0.239526315789,74.4105263158,0.00379105263158,0.999736842105,0.0274994736842,1.40952631579e-06,2.99421052632,74.8473684211,0.300789473684,2143.15789474,0.0179315789474,1.23775487508
num-700000,17268.0,1.02156,1.4076,1.0128,24000.0,2.8148,70.364,1.39,0.91436,3.083,0.000128292,0.95024,0.0247312,1.03808e-06,2.7788,69.484,0.29964,2131.2,0.0172924,1.61070480763
num-700000,13590.4761905,1.02119047619,1.24095238095,0.801714285714,21023.8095238,2.48142857143,62.019047619,1.54714285714,0.0882238095238,98.9761904762,0.00472904761905,0.99980952381,0.0284128571429,1.37505714286e-06,3.09523809524,77.3619047619,0.298,2116.66666667,0.0200352857143,1.31269134897
num-700000,16896.2962963,1.01025925926,1.26259259259,1.00459259259,21229.6296296,2.52481481481,63.1222222222,1.25592592593,0.148555555556,172.333333333,0.00810518518519,0.99937037037,0.115462962963,5.47148148148e-06,2.51074074074,62.7703703704,0.361074074074,2101.85185185,0.0448296296296,1.67131869903
num-700000,14545.0,1.0199,1.10395,0.85575,18735.0,2.208,55.22,1.2915,0.1693,191.9,0.010155,0.99995,0.0271555,1.448955e-06,2.581,64.53,0.29585,2123.5,0.016933,1.27317807955
num-700000,10617.2222222,1.016,1.07233333333,0.628,18127.7777778,2.14444444444,53.6055555556,1.70833333333,0.871,3.76,0.000208222222222,0.970388888889,0.0250472222222,1.37683333333e-06,3.41722222222,85.4444444444,0.297444444444,2112.22222222,0.0200827777778,1.15399263618
num-700000,17173.0769231,1.00407692308,1.46846153846,0.999115384615,25242.3076923,2.93769230769,73.4423076923,1.46846153846,0.976884615385,1.36676923077,5.45153846154e-05,0.948153846154,0.0244561538462,9.74673076923e-07,2.93730769231,73.4307692308,0.301,2149.23076923,0.0170660384615,1.63262171095
num-700000,17303.8461538,1.007,1.18923076923,1.00130769231,20526.9230769,2.37769230769,59.4423076923,1.18576923077,0.0685961538462,180.384615385,0.008695,0.999730769231,0.0677461538462,3.31653846154e-06,2.37307692308,59.3,0.327846153846,2161.15384615,0.0289223076923,1.62937083268
num-700000,16079.1666667,1.00483333333,1.40083333333,0.946666666667,23787.5,2.80041666667,69.9958333333,1.48041666667,0.971125,2.0185,8.50791666667e-05,0.920916666667,0.0270016666667,1.14250833333e-06,2.96,73.9958333333,0.299916666667,2122.5,0.0176582083333,1.52619624858
num-700000,15665.2173913,1.00556521739,1.11956521739,0.907826086957,19308.6956522,2.24086956522,56.0173913043,1.23869565217,0.235956521739,152.956521739,0.00793260869565,0.996913043478,0.468260869565,2.43347826087e-05,2.47434782609,61.8695652174,0.802782608696,2156.95652174,0.145847826087,1.46924185392
num-700000,14000.0,1.05,0.972631578947,0.825894736842,16478.9473684,1.94421052632,48.6315789474,1.17894736842,0.0899736842105,218.631578947,0.0131947368421,0.999157894737,0.168784210526,1.02594736842e-05,2.35684210526,58.9368421053,0.394631578947,2117.36842105,0.0565263157895,1.18691226709
num-700000,15443.4782609,1.004,1.10434782609,0.919260869565,18573.9130435,2.21086956522,55.2652173913,1.20304347826,0.195826086957,128.439130435,0.00685347826087,0.999869565217,0.0280082608696,1.50082608696e-06,2.40739130435,60.1956521739,0.294391304348,2100.43478261,0.0162169565217,1.46940534763
num-700000,8318.125,1.01175,0.9393125,0.49425,15806.25,1.878125,46.95,1.9025,0.10965625,102.31875,0.00648,0.999625,0.04994375,3.134875e-06,3.804375,95.10625,0.3178125,2101.875,0.02717625,1.03853042487
