,EXEC,L3HIT,L2MISS,FREQ,L2MPI,INSTnom%,L3MISS,PhysIPC%,L3MPI,IPC,INST,MEM,GT,Pred
7646,0.2049568365355054,0.5803212851405622,0.01901185770750988,0.3070658682634731,0.04027651515159091,0.20504459308862877,0.527962552353289,0.36465016804124656,0.20992518306279848,0.3650611620793578,0.5935374944818588,0.8382160295354906,1.23374927232,1.0995117182834662
6604,0.16374269005847952,0.7656626506024096,0.018392621870882742,0.2544670658682635,0.05236363636363636,0.16408026755852845,0.2615816703621582,0.34060494958753434,0.13266475644699138,0.34100917431192657,0.6160810974716298,0.47364415862825066,1.00018066683,1.023254109101567
14,0.15639097744360902,0.8102409638554218,0.02137022397891963,0.23952095808383234,0.06345454545454546,0.15635451505016723,0.2538359201773836,0.3354720439963336,0.13591212989493795,0.3358715596330275,0.6081343153806211,0.4904751697036407,1.00256557485,1.006764649657692
4039,0.2702589807852966,0.5522088353413656,0.025827843653939395,0.44359281437125747,0.03630303030295454,0.27068004459364553,0.6097314609504804,0.3548732050109991,0.17530245144866285,0.3553516819573394,0.6537268578617187,0.8982374657627361,1.2838000453899998,1.2399022112677203
565,0.13868003341687551,0.7718875502008032,0.017654808959156786,0.20023952095808384,0.05849999999999999,0.13856187290969899,0.2522985957132299,0.3560036663611366,0.1623686723973257,0.35678899082568805,0.5728564733817484,0.4376813147554261,1.0607723541,1.0392448255935038
1327,0.5107212475630744,0.8159303882198796,0.02801493192806324,0.5694211576843113,0.022662878787886358,0.5108695652173914,0.2803892584375462,0.49725022914757105,0.042920248328557786,0.49717125382110083,0.4425869272392605,0.4947391925689513,1.1678239990500001,1.0837921714356424
7020,0.16738512949039264,0.7355421686746988,0.017475625823451912,0.25350898203592814,0.04713636363636363,0.16749163879598664,0.28493717664449375,0.3536205316223648,0.137774594078319,0.35412844036697244,0.6010190211563092,0.48994998213665236,1.00969758849,1.0150946272392352
6883,0.2730437204118629,0.5955488621154619,0.02390865173472991,0.4693013972052695,0.04183333333340909,0.2731047937575251,0.5525252525247598,0.33715245951695694,0.2057863737662369,0.33730886850137615,0.6823580660924342,0.8826068834106403,1.13550862517,1.1604743979393826
5050,0.14369256474519632,0.7863453815261044,0.018756258234519103,0.2090538922155689,0.06086363636363636,0.14391304347826087,0.2675535846267554,0.35013748854262144,0.15902578796561606,0.35045871559633024,0.5778297592426841,0.44858520900337573,1.06211997605,1.0336158941678963
6595,0.4188805346700083,0.6403614457831326,0.012765744400527008,0.35123353293413173,0.011795454545454545,0.4193979933110368,0.25883222468588324,0.6865261228230982,0.047024832855778416,0.6868807339449541,0.33413839930654143,0.47879599857108923,0.9846146123880001,1.038011657705609
2367,0.4158730158730159,0.6271084337349399,0.013258498023715416,0.34452694610778445,0.012413636363636363,0.41638795986622074,0.28703621581670363,0.6865261228230982,0.052335243553008594,0.6871559633027523,0.32809934685733533,0.4835977134692689,1.0154645469399999,1.0270539126276166
4709,0.6559732664995822,0.8160642570281125,0.026223978919631092,0.49801197604790426,0.016804545454545454,0.65685618729097,0.2545158906134516,0.6962419798350137,0.030291308500477555,0.6972477064220183,0.30089438142757147,0.45526259378365674,1.07702477681,1.0741364459107345
5053,0.42121971595655805,0.6072289156626506,0.013138339920948618,0.3498922155688623,0.012013636363636363,0.4217391304347826,0.3043606799704361,0.6896425297891842,0.05393505253104107,0.6899082568807339,0.3305849115318373,0.49597713469113824,1.03571085881,1.0113883438800293
6845,0.41971595655806176,0.6244979919678715,0.012937549407114625,0.343377245508982,0.011972727272727272,0.4200668896321071,0.283370288248337,0.6918423464711274,0.05134192932187202,0.6926605504587156,0.3240990169189177,0.48862450875330066,1.03078667825,1.0200912239839246
6588,0.6489557226399332,0.8098393574297189,0.026566534914361003,0.5010778443113773,0.017013636363636363,0.6494983277591974,0.2628529194382853,0.6923923006416133,0.030692454632282717,0.6926605504587156,0.30629351118561937,0.45858878170791656,1.04517924254,1.0797797042726223
6207,0.8778891673600667,0.7677376171355422,0.018203776899420293,0.64878243513006,0.008776515151522727,0.877647714603679,0.26371027346637105,0.7525206232813932,0.023316618911174786,0.7527522935779816,0.2943385805094731,0.4777748005237506,1.1433399663200001,1.1196783869115188
3133,0.27151211361737676,0.5726238286475904,0.02460693895475626,0.4675449101796407,0.040901515151590906,0.27190635451505024,0.5898497166784923,0.33929117018056826,0.21092008914350527,0.3398318042811926,0.6827706243790266,0.8848993688229314,1.21074244516,1.1867004447205856
2362,0.8873224728487886,0.9855672690763052,0.17753623188405798,0.9988023952095809,0.08517045454545454,0.8881688963210702,0.18466371027346637,0.46746104491292395,0.016433858643744033,0.4683486238532109,0.44558734739750117,0.3336660414434919,1.4872603313100001,1.5398670253468996
5851,0.5183792815371763,0.8592704149929719,0.0366798418972332,0.5807584830342516,0.029261363636363634,0.5189520624297659,0.27570830253806355,0.48625114573785516,0.04104186564780325,0.4861620795091742,0.4450552726691095,0.5089526021204033,1.0547337456399999,1.069454818779996
1997,0.27429685324394315,0.5973895582329317,0.02442687747035573,0.4704191616766467,0.04276136363636363,0.27452619843979936,0.5541266321759054,0.3377635197066911,0.20423432028008598,0.3381498470949541,0.6829721380024381,0.8830236989408299,1.10944548865,1.1615186463978466
5536,0.2862155388471178,0.6558232931726907,0.013133069828722003,0.3439520958083832,0.017559090909090906,0.2866220735785953,0.2765410199556541,0.45572868927589366,0.07328557784145177,0.45559633027522933,0.47662523693846537,0.5073061807790308,1.02088974955,1.0275724933807866
4041,0.15266499582289056,0.7682730923694779,0.01896706192358366,0.2222754491017964,0.056818181818181816,0.15270903010033446,0.26512934220251294,0.3497708524289642,0.14651384909264567,0.34963302752293574,0.5781250034193425,0.46476598785297063,1.03025177055,1.0230178099183755
6439,0.2905597326649958,0.6887550200803212,0.012938076416337286,0.34835928143712575,0.01759090909090909,0.2906354515050167,0.257649667405765,0.45811182401466544,0.06849570200573066,0.45834862385321096,0.47592127338897366,0.4955519828511953,0.998164776141,1.0314614255094579
5540,0.8758006126399329,0.7807898259708835,0.01556873078611331,0.6479840319358083,0.007439393939386363,0.8759754738010034,0.23054939640354766,0.7488542621448213,0.020176695319961795,0.7492354740045871,0.29446629467515584,0.44124091937654203,1.12295609875,1.1357829499796506
4042,0.6681982734611528,0.8192771084337349,0.027597716293280637,0.5481836327348504,0.017238636363636362,0.6688963210702342,0.25757575757575757,0.6877482432016497,0.030551575931232092,0.6879969418944953,0.32690218441672686,0.46927176372489077,1.13675861901,1.1064544564610075
5462,0.28604845446950705,0.6487951807228916,0.013233201581027669,0.3441437125748503,0.017909090909090906,0.28628762541806024,0.29528455284552846,0.4553620531622365,0.07787488061127029,0.4557798165137614,0.4775829949276371,0.5083315469812463,1.03048366101,1.0282191971949917
5544,0.16289055973266497,0.8068273092369478,0.022102766798418973,0.2527425149700599,0.06436363636363636,0.16301003344481604,0.2762158167036216,0.33492208982584787,0.1384431709646609,0.3354128440366972,0.615854486128689,0.47672025723489697,1.0118708246600001,1.023045031476321
194,0.4870509607351712,0.8726907630522088,0.03639525691699605,0.5070179640718563,0.03127272727272727,0.4876254180602007,0.2503769401330377,0.5087076076993584,0.039431709646609366,0.5091743119266056,0.4131964127262709,0.46939264022882077,1.07056610172,1.0691096803986524
983,0.16507936507936508,0.7542168674698795,0.019019762845849802,0.25063473053892216,0.05218181818181818,0.16515050167224082,0.29014042867701406,0.3560036663611366,0.14813753581661893,0.35642201834862386,0.603128865167476,0.481046802429611,1.00881657299,1.016267972233899
5118,0.2883876357560568,0.6650602409638554,0.015067193675889328,0.3472095808383234,0.020318181818181815,0.288628762541806,0.334249815225425,0.4571952337305225,0.08659503342884432,0.4577981651376146,0.47770218787046625,0.5061307609862473,1.04180640811,1.0298360692851525
5064,0.26928432191562235,0.5824966532801205,0.02318840579710145,0.4621157684627545,0.042174242424318185,0.2695094760317726,0.5521310667657059,0.33852734494317144,0.2078955746578319,0.3384556574922018,0.6820049884248924,0.8788555436464376,1.1851303641600002,1.1645373574647313
6583,0.42005012531328323,0.6291164658634538,0.012580764163372858,0.35200000000000004,0.011645454545454544,0.42040133779264216,0.27382113821138215,0.6881759853345555,0.04973734479465139,0.688532110091743,0.33270067406931886,0.4771204001430786,0.9855280535609999,1.0361059129747208
5461,0.9163533834586466,0.9892068273092369,0.23343214756258235,0.9988023952095809,0.10741477272727272,0.9170150501672241,0.1807649667405765,0.4826993583868011,0.01581303724928367,0.4829701834862385,0.4321348076185579,0.35847177563428306,1.4451749721,1.502651568251754
5551,0.6542745753274855,0.8087349397590361,0.02637241985059289,0.5762874251497007,0.016761363636363633,0.655239687847826,0.2502833210155211,0.640543843568286,0.029990448901623685,0.6408256880733944,0.349717296922151,0.4463469096107347,1.12592865807,1.1320047815860979
3122,0.28905597326649957,0.6698795180722892,0.012289855072463768,0.3437604790419162,0.016736363636363636,0.28896321070234116,0.25401330376940134,0.4586617781851512,0.0684574976122254,0.4588990825688073,0.4726573135977189,0.4974526616650581,1.01705752751,1.0298017358550227
7640,0.4298245614035087,0.9981593038825302,0.7356170399657445,0.7115369261480241,0.7454545454545455,0.4308807134899666,0.24464153732446417,0.3191261839294226,0.04676854504942693,0.31957186544357796,0.6576668363301788,0.4017268071936055,1.15267980442,1.2260715817563486
6891,0.29106098579782785,0.6791164658634539,0.013812911725955206,0.3498922155688623,0.018213636363636362,0.291304347826087,0.2836067997043607,0.4586617781851512,0.07332378223495702,0.4594495412844037,0.47697335117434964,0.5086566630941438,0.993033617968,1.0260221471453517
5355,0.29106098579782785,0.6674698795180722,0.01564163372859025,0.34912574850299405,0.020613636363636362,0.291304347826087,0.3408130081300813,0.45921173235563706,0.08687679083094556,0.4596330275229357,0.47504272241868073,0.5182600928905032,1.00292533684,1.0242221772239757
5469,0.882762461712615,0.7672356091034137,0.01912165129557312,0.6550099800402396,0.009037878787886363,0.8840579710150502,0.2749199310169993,0.7502291475710356,0.02385386819484241,0.7501529051972476,0.29511137549627375,0.4801923305948482,1.10997925,1.1318529646621862
7018,0.2902255639097744,0.6614457831325302,0.013064558629776022,0.34970059880239523,0.017322727272727274,0.2903010033444816,0.27976348854397637,0.45792850595783685,0.0732378223495702,0.45816513761467886,0.47895044338784615,0.5102322257951091,1.018090409,1.0260383890984712
544,0.2496519075463659,0.5905287817941767,0.022916117698735177,0.39393213572886226,0.04021212121204545,0.2496376811588629,0.5857600394190687,0.35853956614757104,0.20952722063037252,0.35879204892981653,0.6263870606364016,0.8842741455276472,1.18195692301,1.1505142388474134
559,0.2893901420217209,0.6634538152610442,0.014534914361001317,0.3498922155688623,0.019331818181818183,0.28963210702341136,0.32573540280857355,0.4577451879010082,0.0834479465138491,0.458256880733945,0.47980936505347377,0.5082065023224396,1.03553087119,1.0296859512842238
7690,0.33333333333333326,0.6899263721556226,0.016429512516469038,0.44614770459113773,0.018799242424249997,0.3333333333327759,0.29630450849963047,0.4340054995417049,0.06978669213634194,0.4344036697247706,0.5330072945234827,0.52491663689515,1.03934928476,1.0471671107599443
7691,0.4934558618771929,0.8826974564929719,0.04374176548089592,0.5791616766467067,0.03669696969704545,0.4938684503896321,0.2760778516881005,0.4644057439660862,0.043234638650191025,0.4651376146788991,0.4666524164275819,0.5013874002625943,1.1075170578,1.0805693151933604
7633,0.2631578947368421,0.5741298527439759,0.024057971014492755,0.4273053892215569,0.04001515151522727,0.26346153846153847,0.6049765952209903,0.35120684387442713,0.21267112384598855,0.3516819571866972,0.6466288597582022,0.9017803977605936,1.17593453573,1.1899916448632948
4715,0.15834586466165415,0.7985943775100401,0.02178129117259552,0.24316167664670663,0.062272727272727264,0.15836120401337794,0.27660014781966,0.33492208982584787,0.14073543457497614,0.3356880733944954,0.6093553110790663,0.47019292604518403,1.02604529863,1.0233157679486813
6833,0.2719298245614035,0.5707831325301205,0.026104523495836623,0.47616766467065874,0.043208333333409094,0.27190635451505024,0.6095836412904657,0.33318056828597614,0.2148997134670487,0.3337920489298165,0.6958061827560621,0.9282481838763589,1.19524250124,1.2382240855556392
7016,0.2656641604010025,0.5140562248995985,0.02378129117259552,0.4667465069863473,0.03523484848477272,0.26596989966555185,0.6141167775314117,0.35838680109990834,0.17995861190711557,0.35886850152889904,0.6966501764429406,0.8874002619990666,1.2932607088299999,1.2415160809746069
556,0.2868838763575605,0.6710843373493975,0.01446113306982872,0.34740119760479043,0.019518181818181816,0.28729096989966557,0.30311899482631194,0.4546287809349221,0.07868672397325693,0.45559633027522933,0.48024851102714755,0.5078813862095418,1.02900788248,1.0284314756872162
3134,0.6406015037593985,0.7536144578313253,0.025380764163372857,0.4868982035928144,0.016381363636363635,0.6411371237458194,0.23597930524759794,0.7048579285059579,0.028643744030563516,0.7055045871559633,0.3016444454900233,0.44745980707411487,1.06384105142,1.0637548840920565
6955,0.26900584795321636,0.5696117804548193,0.02463328941588933,0.4854291417168862,0.036420454545454534,0.2690635451505017,0.5979058881492978,0.34906813321081576,0.17128303088180516,0.3498470948013761,0.7154382929504504,0.8713528641180318,1.2584326056,1.2008999564407872
5063,0.2908939014202172,0.6700803212851406,0.013992094861660078,0.3502754491017964,0.018477272727272728,0.2906354515050167,0.28629711751662973,0.45811182401466544,0.07412607449856734,0.458256880733945,0.478477629660541,0.5100571632727796,1.0155323250100001,1.0256955034839197
6828,0.27220829852380946,0.5696117804548193,0.021124286341686428,0.46483033932167667,0.036473484848409087,0.2721850613160535,0.5064794284301553,0.3379162847543538,0.18537090098686726,0.3380733944954128,0.6783649038831919,0.8819816601166067,1.17291566147,1.1798621117987464
2357,0.29044834308020046,0.5891900937078314,0.027198067632938073,0.48463073852263483,0.047765151515227276,0.2906911928645485,0.6568120226651885,0.3421937060797433,0.23539477873280804,0.3422782874619266,0.6639831852126218,0.9051149219958575,1.12585910884,1.21392656664286
3333,0.16666666666666666,0.7401606425702811,0.01800263504611331,0.25868263473053893,0.04627272727272727,0.1668561872909699,0.2575609756097561,0.3448212648945921,0.12206303724928366,0.3444954128440366,0.6164573007564788,0.48574848160074513,1.02640211956,1.018410835430923
1724,0.27109440267335005,0.5763052208835341,0.02574440052700922,0.4806387225552096,0.043454545454545454,0.27129319955351167,0.5912047302291205,0.32890314695967005,0.21310888252149,0.328822629969266,0.706123326231908,0.8971954269385127,1.2396225975700002,1.2068617798688261
5066,0.40601503759398494,0.615863453815261,0.010212384716732543,0.3458682634730539,0.009822727272727271,0.40668896321070236,0.21747228381374725,0.6724106324472962,0.040544412607449856,0.6722018348623853,0.3383024621217865,0.4719185423367174,1.0516804391399999,1.0480202307611035
6841,0.1573934837092732,0.791566265060241,0.019046113306982873,0.2399041916167665,0.055090909090909086,0.1574916387959866,0.26397634885439764,0.33748854262144823,0.14130850047755492,0.3373394495412844,0.6055376374999171,0.4695426938193889,1.03352913901,1.0155410094679433
6931,0.6536340852130326,0.7666666666666666,0.02250329380764163,0.5075928143712576,0.014318181818181817,0.6538461538461539,0.26169992609017,0.695692025664528,0.03052531041069723,0.6963302752293578,0.30844098091579464,0.4595641300466094,1.0821374467799998,1.0702732444985175
196,0.1492063492063492,0.7997991967871486,0.01943610013175231,0.2207425149700599,0.06268181818181817,0.14953177257525085,0.2638285291943829,0.3466544454628781,0.14933142311365805,0.346697247706422,0.587190960402186,0.45203644158644235,1.05433640132,1.0356657231720352
192,0.16825396825396824,0.7425702811244981,0.01861923583662714,0.2565748502994012,0.049818181818181824,0.16872909698996658,0.29043606799704363,0.35728689275893677,0.14283667621776505,0.35761467889908255,0.6040993058193947,0.48452304394443896,1.01364083591,1.0182598979775386
6839,0.1647284878863826,0.7933734939759036,0.021976284584980237,0.25427544910179645,0.06004545454545455,0.16464882943143813,0.2824538063562454,0.33895508707607697,0.13705826170009552,0.3388990825688073,0.6127348513175895,0.48124687388370174,1.0186683354600001,1.0184498987765604
4554,0.42155388471177946,0.6206827309236947,0.013292226613965745,0.3527664670658683,0.012236363636363634,0.4217391304347826,0.2914412416851441,0.688359303391384,0.05222063037249283,0.6886238532110092,0.3323581021301568,0.4934262236514803,1.03022333276,1.018354918274655
1995,0.2857142857142857,0.665863453815261,0.013022397891963109,0.3437604790419162,0.017736363636363633,0.28561872909698993,0.2792609016999261,0.4559120073327223,0.07420725883476599,0.4561467889908256,0.47732217984483666,0.49855305466255756,1.02383013893,1.0315363590633149
5539,0.4193817878028404,0.6178714859437751,0.014002108036890644,0.343185628742515,0.012981818181818183,0.4197324414715719,0.3229268292682927,0.6929422548120989,0.05833333333333334,0.693577981651376,0.3240407012528091,0.4893247588426185,1.01346667692,1.0157442979511964
82,0.8990183792815372,0.9816767068273092,0.12424242424242424,0.9988023952095809,0.058863636363636354,0.9005016722408027,0.158980044345898,0.4734188817598533,0.014202184813753582,0.4746559633027523,0.44040788101672,0.3408092175778281,1.56582844783,1.4957240821952211
6196,0.2106655527710944,0.7869812583664658,0.02552481335090909,0.34251497005988024,0.059242424242499994,0.21061872909698998,0.32835673811234295,0.33868010999083414,0.14939509710291307,0.33891437308853206,0.6429505314031156,0.5047636060503767,1.04994962501,1.024806640543017
555,0.1594486215538847,0.7775100401606425,0.02102239789196311,0.24335329341317366,0.05877272727272726,0.15933110367892975,0.28591278640059126,0.3382218148487626,0.14068767908309457,0.3388990825688073,0.6067841916230364,0.4800214362273955,1.02595928889,1.018417250783939
199,0.150843776106934,0.8060240963855422,0.018877470355731226,0.229748502994012,0.05872727272727272,0.15093645484949833,0.26099039172209904,0.33455545371219064,0.14369627507163324,0.3348623853211009,0.6046856296954864,0.4588888888890528,1.0485984777500001,1.0244235128442938
193,0.26928432191562235,0.5274431057560242,0.02443126921388669,0.4763273453097006,0.03542045454545454,0.2695652173913044,0.613229859571323,0.3570119156736939,0.17394937917860553,0.35703363914357794,0.7025431951525563,0.8982374657627361,1.30465556559,1.2474693442834968
7488,0.2895572263993317,0.6604417670682732,0.014023715415019762,0.35008383233532936,0.018627272727272725,0.2892976588628763,0.3022025129342203,0.4562786434463795,0.07834288443170966,0.45715596330275227,0.48031890322521675,0.5156841729190839,1.03087658134,1.0244436366131573
6193,0.4218880534670008,0.6164658634538153,0.012578656126482214,0.34644311377245507,0.011586363636363636,0.4224080267558529,0.29223946784922394,0.6929422548120989,0.052177650429799424,0.6926605504587156,0.32636563521942674,0.49742765273329664,1.0348107298,1.0099867600077266
6831,0.16842105263157894,0.7596385542168675,0.01904084321475626,0.2487185628742515,0.04986363636363636,0.1685284280936455,0.2383148558758315,0.35325389550870756,0.11241642788920726,0.35376146788990825,0.5853051051939024,0.49212575919989,1.01627665548,1.0154957842247259
3282,0.2702589807852966,0.5699464524769076,0.02318840579710145,0.4667465069863473,0.04130681818181818,0.27059643255351173,0.5646464646459719,0.33730522456461964,0.2066618911174785,0.3377675840977064,0.685341900706865,0.8794807669404715,1.14941110186,1.1838190125882688
6823,0.8573517126148705,0.9787901606425703,0.13129117259552042,0.9988023952095809,0.06519886363636364,0.8582775919732442,0.19089061345158906,0.45142071494042163,0.017663562559694364,0.4520068807339449,0.46132222787778804,0.3680845837800529,1.47750928366,1.4767291772661988
7600,0.9087301587301587,0.9823042168674698,0.1602437417654809,0.9964071856287426,0.07448863636363635,0.9107441471571908,0.1936437546193644,0.4802933088909258,0.016971107927411654,0.4806766055045871,0.4344303485756394,0.3645989639158144,1.4311487436700001,1.4828205013393116
6433,0.1528654970760234,0.7839357429718876,0.01613175230566535,0.23338922155688624,0.05131818181818181,0.152809364548495,0.20334072431633407,0.33858845096241974,0.11427889207258836,0.3388073394495413,0.6066854954305149,0.45483744194371384,1.02068754008,1.0320339089126436
6954,0.5109440267335004,0.8403614457831327,0.02544400527009223,0.4847904191616767,0.02082272727272727,0.5117056856187291,0.24150776053215078,0.5560036663611365,0.03675740210124165,0.5559633027522936,0.3768009930739332,0.4512611647018404,1.0506953648200001,1.0731720156251083
81,0.2934001670843776,0.6542168674698795,0.013233201581027669,0.35295808383233535,0.017372727272727272,0.29397993311036785,0.29726533628972657,0.4595783684692942,0.07533428844317096,0.460091743119266,0.47710853776811335,0.5158842443731746,1.02725777927,1.0267365457867814
5117,0.27109440267335005,0.5801539491295181,0.021589811155019765,0.4678642714567665,0.03770833333340909,0.27137681159364546,0.5111603843311161,0.33638863428047666,0.18099331423113657,0.3367737003059633,0.685889776153709,0.8924020483513371,1.15499634425,1.1890465605342628
6837,0.2908939014202172,0.6676706827309238,0.013491436100131753,0.346059880239521,0.01815,0.2909698996655518,0.29008130081300815,0.4595783684692942,0.07587392550143267,0.4595412844036697,0.47227004302088876,0.5101071811363023,1.02086138839,1.0235642184101
4886,0.2691450849348371,0.5098728246315262,0.025032938076416336,0.4696207584833533,0.03625378787886364,0.269314381270903,0.6274944567627495,0.3596089214784602,0.18099331423113657,0.36039755351697245,0.6929814849783605,0.8969870191734179,1.27525388432,1.2572979689937553
4893,0.4172096908939014,0.6345381526104418,0.012500131752305667,0.34280239520958083,0.01165454545454545,0.4177257525083612,0.2673170731707317,0.6916590284142987,0.04922158548233047,0.6926605504587156,0.3260461369921514,0.47221864951785364,1.00839056114,1.039049084263924
3128,0.29139515455304926,0.679718875502008,0.012073781291172595,0.35123353293413173,0.016099999999999996,0.291304347826087,0.21903917220990393,0.4568285976168653,0.05908309455587392,0.4577064220183486,0.4778039186328766,0.5008788853163634,1.01621532521,1.0330114823157013
4044,0.15979949874686716,0.761847389558233,0.01904084321475626,0.23817964071856287,0.05195454545454545,0.16006688963210705,0.28863266814486327,0.3461044912923923,0.14603629417383,0.346788990825688,0.5907665965025525,0.4798713826368274,1.02442007874,1.0133922780799
7693,0.4243943191311612,0.6176706827309236,0.011353886693017127,0.34912574850299405,0.010168181818181818,0.4247491638795987,0.23382113821138215,0.6944087992667278,0.0411127029608405,0.6954128440366972,0.3270582311625446,0.4915005359058562,1.0269204675299999,1.0249461866864968
10,0.1555722639933166,0.7919678714859437,0.01914097496706192,0.2376047904191617,0.05581818181818181,0.15565217391304348,0.26586844050258684,0.33730522456461964,0.14312320916905444,0.3378899082568807,0.6059123752557619,0.492976062879776,0.996910905665,1.000666406204285
4549,0.28989139515455303,0.6590361445783133,0.013069828722002635,0.3435688622754491,0.017613636363636363,0.2903010033444816,0.29226903178122693,0.46049495875343727,0.07647086914995224,0.4603669724770642,0.4704177545468147,0.5104072883174384,1.05616918029,1.0239040249492426
7603,0.1727986633249791,0.736144578313253,0.018308300395256917,0.2615568862275449,0.04531818181818181,0.17317725752508362,0.31098300073909835,0.36223648029330896,0.14016236867239731,0.36266055045871554,0.6011981461305343,0.5051554126475545,1.00661542265,1.0068504446877629
3121,0.15246449456975772,0.7775100401606425,0.016358366271409748,0.22572455089820362,0.05068181818181818,0.15247491638795987,0.257620103473762,0.3525206232813932,0.1443170964660936,0.3532110091743119,0.5868085712338817,0.4578135048233147,1.0296386789399998,1.0262885081145197
6885,0.9022556390977444,0.7548192771084338,0.015420289855072464,0.5945868263473054,0.00709090909090909,0.9036789297658863,0.2693865484109387,0.8119156736938589,0.022908309455587396,0.8128440366972476,0.2620370615029274,0.48352268667398485,1.05688202662,1.067499532831183
4624,0.2772208298521303,0.5558902275773092,0.025107597716284586,0.48095808383233535,0.0416666666665909,0.2775919732441472,0.6200788371515152,0.33593033913840514,0.2192773002227794,0.336314984709633,0.6896752463718114,0.9188698344646012,1.21552382241,1.2413949618951046
1313,0.3020646855229741,0.5388697647730925,0.03151515151515152,0.5481608212148503,0.038772727272727264,0.3022694696605351,0.6791046352017738,0.34555453712190654,0.17123754946107927,0.34580602883348616,0.7218712561267802,0.9667738478033107,1.24888595536,1.3613335132612436
1999,0.9197994987468671,0.9876649454959839,0.20184453227931487,0.9977758768191617,0.09295454545454544,0.9211657907307693,0.18401435962453805,0.4847453188423464,0.015674034656852912,0.48525557011926596,0.43001825362896917,0.3540907466948389,1.43148182485,1.5045776922430238
6437,0.2669172932330827,0.5306224899598393,0.023333333333333334,0.4680239520958084,0.03478787878795455,0.2672798216270903,0.5920177383592018,0.35853956614757104,0.17315345431399237,0.35879204892981653,0.6964312991408882,0.8703108252950592,1.26743219638,1.2126853587334374
206,0.29223057644110273,0.6534136546184739,0.012996047430830038,0.34778443113772456,0.017286363636363634,0.2919732441471572,0.2899630450849963,0.4603116406966086,0.0756160458452722,0.4603669724770642,0.4720116379055466,0.509581993569314,1.02226703097,1.0261343034116226
7613,0.4178780284043441,0.6190763052208835,0.01322266139657444,0.34931736526946106,0.012163636363636363,0.4180602006688963,0.29315594974131565,0.6857928505957837,0.05222540592168099,0.6861467889908256,0.3324326844745681,0.48947481243318663,1.05925063916,1.0214311242039087
6947,0.4188805346700083,0.6325301204819277,0.011919894598155468,0.34280239520958083,0.011127272727272725,0.4193979933110368,0.25776792313377683,0.6918423464711274,0.04742597898758357,0.693577981651376,0.32573714175568497,0.4716434440873425,1.01843475672,1.0386278002974003
5456,0.506544138122807,0.885709504685743,0.038348704435573124,0.5601596806390419,0.03198484848477272,0.5069676700117057,0.24996304508499628,0.4992361747635197,0.03835959885386819,0.4996941896009174,0.4401373313020299,0.46022686673828517,1.14901323302,1.1159300211790029
6886,0.15348370927318294,0.7871485943775101,0.018329380764163374,0.2291736526946108,0.05259090909090909,0.15364548494983277,0.2660458240946046,0.3468377635197067,0.13973256924546323,0.3473394495412844,0.5922621896242962,0.47054305108984296,1.01466430738,1.017169959242529
1984,0.16402673350041772,0.7552208835341365,0.017602108036890645,0.24852694610778445,0.04886363636363636,0.1639799331103679,0.2892535107169254,0.36223648029330896,0.14966571155682903,0.36211009174311926,0.601543782695383,0.4891246873885277,0.981960881047,1.0080563518379888
5848,0.6732108047894736,0.8274765729588354,0.029411506368115944,0.5839520958083833,0.018215909090909088,0.6736343366772575,0.24496181325498892,0.648487626031164,0.028223495702005733,0.6493119266055045,0.34517796688188335,0.496489817792246,1.10141577156,1.0804481270413437
5054,0.8712406015037594,0.9843122489959839,0.18886693017127798,0.9964071856287426,0.09196022727272728,0.87311872909699,0.20855506282335554,0.4590971585701191,0.01897683858643744,0.4596330275229357,0.45412329252918415,0.352625937835067,1.52467387303,1.5182715936735556
1,0.8771929824561403,0.8140896921014055,0.016679841897233202,0.6491017964071857,0.007984848484840908,0.8782051282056856,0.21879773343237252,0.7517567980449129,0.019054441260744983,0.7509174311926604,0.29444117516061663,0.44090746695264055,1.1548437038,1.1403479574901425
117,0.27123363965497077,0.5461847389558233,0.028199385155994728,0.4844710578845509,0.038821969697045454,0.27126532887458193,0.6558265582660754,0.34998472349495874,0.1766555237184814,0.3501529051986238,0.7089779642984001,0.9532571156364605,1.21992437281,1.3103746523797262
4551,0.4218880534670008,0.6184738955823293,0.013150461133069828,0.35391616766467066,0.01193181818181818,0.4220735785953177,0.2921212121212121,0.6878093492208983,0.05148042024832856,0.69,0.3321803514014767,0.4961271882817064,1.02519756438,1.0192747197777123
6933,0.2907268170426065,0.6759036144578313,0.013939393939393939,0.346059880239521,0.018268181818181815,0.2909698996655518,0.28709534368070955,0.45921173235563706,0.07504297994269342,0.4599999999999999,0.47340867453674823,0.5104573061809613,1.0137060337700001,1.0217507360576934
7695,0.2756892230576441,0.5935408299869478,0.024549846288985506,0.4732934131736527,0.041708333333409085,0.2759197324414716,0.5568859324951959,0.3389856400852429,0.19778732887607453,0.3393730886848623,0.6807922365581912,0.8990710968206143,1.16423721077,1.1832229786096888
7647,0.48939014202172093,0.8520080321285141,0.029491436100131753,0.4978203592814371,0.025236363636363637,0.4899665551839465,0.23778270509977828,0.5204399633363886,0.038108882521489966,0.5201834862385322,0.40330669163303584,0.4433083244017304,1.0818888155,1.085249887136133
125,0.1158173210802005,0.5376506024096386,0.009741765480895916,0.18107784431137722,0.038969696969772726,0.11596989966555184,0.27767923133776795,0.36999694469935834,0.21760585800692456,0.3701834862385321,0.62163934427625,0.8867750387037824,1.1604602094499998,1.109593782290383
6842,0.8894110275689222,0.9890813253012049,0.1903820816864295,0.9988023952095809,0.0893181818181818,0.8902591973244146,0.14733924611973392,0.468263061411549,0.012879059216809935,0.46811926605504584,0.44564648098455373,0.32180242943920034,1.64347382771,1.5337901936520852
5549,0.2676134781395154,0.5354752342700804,0.02450592885375494,0.44694610778443117,0.03495454545454545,0.2679765886287625,0.6088199063813748,0.35258172930064163,0.1759789875835721,0.35298165137614673,0.666443583898774,0.8896927474101071,1.28100973468,1.24492085753305
8,0.4154831523249791,0.9981593038825302,0.6504172156337286,0.7276646706586826,0.6890151515159091,0.4161092530652174,0.22441488051293423,0.30323861900366633,0.04218401782879656,0.303440366972477,0.6943242034600537,0.43661426700069184,1.13715619384,1.1862689172645213
1322,0.42255639097744363,0.6096385542168674,0.013076679841897233,0.35525748502994015,0.011781818181818181,0.422742474916388,0.2944567627494457,0.6879926672777269,0.0517956064947469,0.6878899082568807,0.3335625198039015,0.49420150053608225,1.0585124683,1.0175196398354256
6446,0.420718462823726,0.6279116465863454,0.012655072463768116,0.34931736526946106,0.011636363636363634,0.42073578595317723,0.27219512195121953,0.688359303391384,0.04944126074498568,0.6899082568807339,0.32924897309444795,0.4762700964631927,1.00326396796,1.035495698944421
5071,0.2581453634085213,0.5657630522088354,0.025577514273175228,0.4217165668665868,0.041041666666590905,0.2583612040133779,0.6525991623547672,0.35288725939505045,0.22035179879011463,0.3529051987766054,0.6468575952481858,0.9080326307021821,1.20840223359,1.2171175028238157
95,0.2719298245614035,0.5724564926375502,0.02480017566974967,0.4841516966064671,0.040090909090909094,0.27173913043478265,0.5649667405764968,0.33333333333363885,0.1939668895255492,0.33333333333348625,0.7067625349553613,0.9051149219958575,1.19008247169,1.214458529760683
85,0.8758006126399329,0.759705488621486,0.01629776021080369,0.6578842315372456,0.007780303030295453,0.8762541806020068,0.26368563685587587,0.73923006416132,0.023153454313920727,0.7402905198761468,0.29968491711354994,0.4734190782423985,1.12975904323,1.126462806045717
557,0.2666388192706767,0.5237617135210844,0.024936319718919634,0.4496606786423953,0.03645454545454545,0.26702898550668897,0.6391229366844051,0.3619003971888176,0.18664438077053486,0.3623088685013761,0.6699202562542044,0.8992795045844585,1.3031278548899998,1.249196293930443
4637,0.15821219715956555,0.7959839357429719,0.017960474308300396,0.23932934131736527,0.05668181818181818,0.15832775919732442,0.23479674796747968,0.34188817598533455,0.12268385864374404,0.3425688073394495,0.6006820250196621,0.47276884601660335,1.02778310203,1.0241701250167137
5108,0.27471456418796986,0.578145917001004,0.02720245937628459,0.48383233532934133,0.045344696969772724,0.274972129319398,0.6172949002217295,0.33348609838038495,0.21577523081829034,0.33333333333348625,0.7004626732866321,0.9211623198768921,1.19001408825,1.2307019528218965
4635,0.20831244778613198,0.7871485943775101,0.022485726833544138,0.33117764471089817,0.05643939393931817,0.20866778149331103,0.30921409214042866,0.3470821875957837,0.14565425023877746,0.34694189602431186,0.6293198352472616,0.49730260807448995,1.0432427657899999,1.0246279018584692
5550,0.14569757727652463,0.7897590361445783,0.01964163372859025,0.21422754491017965,0.06159090909090909,0.14588628762541805,0.26953436807095343,0.3461044912923923,0.1543935052531041,0.3461467889908257,0.5830719766261636,0.4506859592713293,1.03952261325,1.0332127723833766
7017,0.4249512670568087,0.9949799196787149,0.7496706192358367,0.7134530938126947,0.7689393939386363,0.42530657747993317,0.3681941364863267,0.3150015276507791,0.0702403693092168,0.31506116207935775,0.6657479380390963,0.4485768726923718,1.21318608155,1.1952182417790644
3130,0.14486215538847116,0.7465863453815261,0.01657971014492754,0.20388023952095807,0.051181818181818176,0.14501672240802677,0.26569105691056916,0.36223648029330896,0.15386819484240688,0.36229357798165135,0.5577795012501884,0.4516863165417834,1.0200116225,1.0305300900181096
981,0.6590086326925647,0.8110776439086345,0.024624505928853756,0.5786826347305389,0.01582575757575,0.6594202898545151,0.19672333086917962,0.6393217231897342,0.023308659662535817,0.6399847094816513,0.34996278251832347,0.44301238537672133,1.11580352983,1.1117216130002199
4034,0.8952937900334169,0.7593708165993975,0.019982433025902503,0.6446307385226347,0.009286363636363636,0.8963210702341138,0.26809559004730227,0.7706996639165903,0.02321712830308023,0.7706422018348623,0.2866930166612815,0.47683696558269983,1.1292212776100001,1.122300836139467
2354,0.42881012053968254,0.9972748135401607,0.9693205345375494,0.6639520958083832,0.9743506493499999,0.4288103201153846,0.36006757470214334,0.3400549954170486,0.06595715650167144,0.3404325032766055,0.6147013659572783,0.3156663093965043,1.4535993049200002,1.4770371182113122
6593,0.9007041413032582,0.9899598393574297,0.22145680406561266,0.9977758768191617,0.10422077922068182,0.9006211180117057,0.18735086052180341,0.4738771769019249,0.01594351207531041,0.4743119266055046,0.4404654055574624,0.32922472311587325,1.49016147936,1.5550104966554816
1726,0.28604845446950705,0.6558232931726907,0.012358366271409751,0.34203592814371264,0.017099999999999997,0.2866220735785953,0.28032520325203253,0.45737855178735104,0.07478510028653294,0.4577981651376146,0.4742861912738154,0.4980028581638078,1.03022878983,1.032339986348421
3124,0.48487886382623224,0.834136546184739,0.028711462450592883,0.4924550898203593,0.024627272727272723,0.48595317725752507,0.2669918699186992,0.5296058661778185,0.041957975167144224,0.5299999999999999,0.40189482782878666,0.48037156127205444,1.0202402402600002,1.0642715380688719
4037,0.33110554163157896,0.6681726907630522,0.014505928853754941,0.4466267465073054,0.01728787878788636,0.3316610925301004,0.29196846513968955,0.4323250840210816,0.07033588029297995,0.43279816513761465,0.536361901992888,0.5146629748729955,1.06613347989,1.058787182830672
7688,0.44253490870008355,0.9935456110150602,0.7701863354044796,0.7315654405470658,0.7724025974022726,0.44290492116555186,0.41938549255580193,0.3208065994500458,0.07576067676361033,0.3211009174311926,0.656099826969033,0.45412647374024795,1.2495066825399999,1.2502837038750023
6601,0.4668337510442773,0.8997991967871486,0.04189723320158103,0.4941796407185629,0.038136363636363635,0.46722408026755863,0.2538359201773836,0.5004582951420715,0.042043935052531047,0.5018348623853212,0.4210142852409837,0.4567631296893379,1.0506401725299999,1.0904498630460275
4043,0.29967776584294065,0.5890705679859437,0.023139469226429513,0.5433704020531737,0.03774350649340909,0.3002866698511706,0.5443353394575019,0.32028283357378556,0.1897939691635626,0.3210353866316513,0.7201219493127261,0.8792425866385778,1.2025610727200002,1.2100304791978473
114,0.6524644945697576,0.8043842034809238,0.025261308739578395,0.5798003992019162,0.016276515151522727,0.653010033444816,0.2468341956141907,0.6394744882373969,0.029063196434336202,0.6398318042798165,0.35342686053769934,0.4470138144585377,1.1217828547600002,1.1351462511491341
6577,0.28738512949039263,0.6783132530120481,0.013254281949934124,0.3429940119760479,0.01789090909090909,0.28762541806020064,0.26705099778270514,0.45811182401466544,0.07218720152817575,0.458256880733945,0.4737174829337741,0.4918256520187538,1.02573663563,1.0319917646355794
6834,0.27471456418796986,0.5625836680050201,0.02798858146693017,0.485748502994012,0.040189393939318176,0.2749442586404683,0.6795269770879526,0.35197066911090746,0.1877984718242598,0.3514525993885321,0.7011373057576132,0.9342920090503517,1.2469484761399998,1.282701853216481
5070,0.17350041771094404,0.7389558232931727,0.019267457180500658,0.26519760479041915,0.04786363636363635,0.17354515050167224,0.2898152254249815,0.3530705774518791,0.13591212989493795,0.35311926605504584,0.6064362649076562,0.4966773847804561,1.00015128505,1.0111634605510376
4894,0.495906432748538,0.8086345381526104,0.025528326745718047,0.5070179640718563,0.021809090909090906,0.49665551839464883,0.2613747228381375,0.5206232813932172,0.041031518624641834,0.5220183486238531,0.4056200715552958,0.45196141479115826,1.06206862826,1.0812877368598237
3340,0.28905597326649957,0.6779116465863454,0.01383399209486166,0.3472095808383234,0.01854090909090909,0.2892976588628763,0.2783444198078345,0.4571952337305225,0.07306590257879657,0.45816513761467886,0.47638881870506933,0.5063558413720994,1.0249518485,1.0267543592769686
6605,0.26998050682289054,0.5824966532801205,0.021458058849354415,0.4606786427142516,0.03865530303022727,0.270066889632107,0.5064055186001478,0.3391384051329056,0.19340974212034384,0.3392201834862385,0.678173299287892,0.8596820292964843,1.14962926342,1.143949336905128
7503,0.5218602060710108,0.8122489959839359,0.02797540623636363,0.5844311377245509,0.02251136363636363,0.522017837235786,0.2648928307464893,0.49404216315307065,0.03966889525620822,0.49457186544495413,0.4451373411396773,0.4796087888533332,1.0903822647499999,1.0974719027092092
5850,0.1637761069340017,0.7913654618473895,0.020110671936758896,0.24776047904191617,0.05554545454545454,0.16384615384615384,0.28677014042867705,0.34170485792850597,0.14106972301814708,0.34211009174311924,0.600064645811677,0.48199714183654235,1.01654628481,1.0139579884110734
12,0.26900584795321636,0.5426706827309237,0.028357487922793148,0.5033133732531737,0.03946590909090908,0.26937012263043475,0.6912540034486326,0.3339443935224565,0.18230659025787965,0.3343272171252293,0.7418790120289971,0.9565916398717245,1.2156272804700001,1.3530856050656068
7604,0.2868838763575605,0.6765060240963855,0.013185770750988141,0.34069461077844315,0.018118181818181818,0.28729096989966557,0.28564671101256467,0.46049495875343727,0.07468481375358167,0.4607339449541284,0.4718331338746875,0.5029546266525555,1.0448601746200001,1.027271980954268
2379,0.16499582289055972,0.781726907630522,0.018308300395256917,0.2569580838323353,0.05381818181818181,0.16508361204013378,0.26601626016260166,0.34335472043996335,0.13715377268385864,0.3438532110091743,0.6185797251853288,0.4750446588068864,0.9905214045749999,1.0217394138818532
6887,0.2830409356725146,0.6700803212851406,0.012142292490118578,0.35085029940119766,0.01679090909090909,0.2832775919732442,0.26743532889874355,0.44986251145737854,0.07172874880611269,0.4502752293577981,0.49294670175520067,0.48274740978938285,1.04935297015,1.0449381478776467
558,0.8824839877443607,0.7491633199467872,0.016903820816864295,0.6607584830342516,0.00801515151515909,0.8832218506137124,0.25930032027642275,0.7436602505343722,0.022675899395105063,0.7448012232431191,0.29789504718166726,0.47683696558269983,1.09618427891,1.1235573861008035
572,0.26928432191562235,0.5341365461847389,0.024677206851119893,0.45636726546874257,0.03536363636363636,0.2690914158311037,0.62039911308204,0.35395661472685613,0.1772126711239255,0.35428134556559626,0.677052115721072,0.8980290579976412,1.31235541052,1.2525817054392576
5545,0.4213868003341687,0.6160642570281125,0.012950724637681158,0.34644311377245507,0.011886363636363636,0.4220735785953177,0.2923577235772358,0.6912923923006417,0.052593123209169056,0.691743119266055,0.3260205920855127,0.4930010718115373,1.00484997842,1.014354802158487
546,0.2918964076858813,0.6578313253012048,0.01295388669301713,0.3516167664670659,0.01679090909090909,0.2919732441471572,0.26669623059866965,0.45811182401466544,0.06762655205348615,0.45807339449541284,0.4788211522281005,0.5170346552341969,1.0362592962100001,1.025648373857145
4559,0.882066276800334,0.8164323962520081,0.01989898989899868,0.6366467065868263,0.009503787878795454,0.8832218506137124,0.2295885686134516,0.7679498930641613,0.020216491563204392,0.7694189602431192,0.28712690845357686,0.4314249136589609,1.1997703119,1.1582761122042748
3334,0.8779239766081871,0.9883283132530121,0.15671936758893282,0.9964071856287426,0.07562499999999998,0.8791806020066891,0.1395971914264597,0.4636801099908341,0.012467168099331424,0.46404816513761465,0.4496742189844616,0.331430868167321,1.4947658522799998,1.5062607299892483
7498,0.026982720690643273,0.6121151271757028,0.0029670180061396574,0.05835209580838323,0.11891287878795452,0.02700819397993311,0.04301231830495196,0.1794531011301558,0.5367717287488061,0.1794342507646789,0.8594707995596029,0.915952125759527,1.1996272903,1.267793937152485
4891,0.1048315232522974,0.5855087014728916,0.00936583223538867,0.15153692614802394,0.03818181818181818,0.10512820512826085,0.2579453067257946,0.3664833486095326,0.1992199936325215,0.36681957186559633,0.5737911977529975,0.8517625342378892,1.14770547361,1.0839661546643744
15,0.29239766081871343,0.6977911646586344,0.014013175230566534,0.3504670658682635,0.019095454545454547,0.2923076923076923,0.27157427937915746,0.4548120989917507,0.07275549188156638,0.455045871559633,0.4754169541980491,0.534440871740098,0.9893221110930001,1.0064500626396944
6,0.29223057644110273,0.6736947791164658,0.013565217391304348,0.35238323353293416,0.01803181818181818,0.2926421404682274,0.27479674796747966,0.4546287809349221,0.07288920725883477,0.45458715596330274,0.4783866946923619,0.5466952483031606,0.9888028142190001,1.0052110285926301
3337,0.42305764411027563,0.6164658634538153,0.011114097496706193,0.3495089820359282,0.010177272727272726,0.4234113712374582,0.24703621581670362,0.6918423464711274,0.043939828080229226,0.691743119266055,0.32812361753641356,0.4942765273313663,1.0204717855299998,1.0195624374425967
3294,0.6714007240325814,0.7980254350732932,0.026512955643478258,0.5711776447108983,0.01648106060606818,0.6725195094765887,0.2821877309682188,0.6663611365719523,0.03264883794961796,0.6672782874633026,0.3383044950721819,0.4805466237943839,1.08356259144,1.1089371766101148
7605,0.43149540517961565,0.9964859437751005,0.7356170399657445,0.7115369261480241,0.7477272727272726,0.43227424749163884,0.30002463661049517,0.3200427742135656,0.05501432664756448,0.32018348623853204,0.6540758017752419,0.44774324163449364,1.16963654809,1.1658010428177112
4556,0.425090504037594,0.9948125836676707,0.7553798858155468,0.7136127744507784,0.7795454545454544,0.4255852842809365,0.390736634638581,0.31515429269752526,0.07489652976766953,0.31513761467889906,0.6658112583223046,0.4521614862452491,1.20995341773,1.2085049063274245
6586,0.16885547201336673,0.7648594377510041,0.01929380764163373,0.256,0.051000000000000004,0.16933110367892976,0.2645676274944568,0.3497708524289642,0.13089780324737346,0.3505504587155963,0.6009840486148751,0.47396927474114825,0.9972037512209999,1.0220290965918657
5051,0.32205513784461154,0.6788821954487952,0.015397452788748354,0.4538123752498204,0.01859090909090909,0.3221850613160535,0.29822616407982266,0.4246868316526123,0.07225803884121298,0.4247706422018348,0.5617674475531739,0.4996576158149338,1.10309200804,1.077236659829734
7491,0.19859370648872182,0.7632195448463857,0.021436100131752307,0.3354890219564072,0.055897727272727266,0.19855072463712375,0.30783444198078347,0.3353192789486709,0.14840019102196753,0.3355504587155963,0.6683099334381888,0.48202631892318043,1.05451833445,1.0464928807574265
5056,0.6581453634085213,0.813855421686747,0.026930171277997367,0.5037604790419162,0.01708181818181818,0.6588628762541806,0.25348115299334817,0.6945921173235564,0.02942215854823305,0.6954128440366972,0.3039362968802385,0.4551875669883727,1.05775441601,1.0773397961418212
7682,0.1701921470342523,0.7582329317269076,0.018255599472990776,0.2561916167664671,0.04727272727272727,0.1703678929765886,0.3026755358462676,0.35453712190650777,0.14021012416427892,0.35477064220183485,0.5966888329182749,0.4943765630584117,1.0118674477,1.00991938282456
6825,0.8813700918964076,0.7943440428383535,0.020140535792700923,0.6518163672651497,0.00959090909090909,0.8835005574130433,0.27107661985661496,0.75084020776077,0.023754377586747852,0.7511467889908257,0.29330727475047447,0.48738239847623704,1.1406775653,1.124795810120993
570,0.1617376775271512,0.7829317269076306,0.01790250329380764,0.2406706586826347,0.050499999999999996,0.16190635451505017,0.2649519586104952,0.35527039413382216,0.1386341929321872,0.3556880733944954,0.5908309172122832,0.46481600571649334,1.01537960574,1.0230223273400723
6952,0.29156223893065997,0.6953815261044176,0.0138866930171278,0.3516167664670659,0.018299999999999997,0.29163879598662207,0.2613747228381375,0.4582951420714941,0.06878701050620822,0.4588990825688073,0.4789098888336814,0.49797784923204647,0.991093962893,1.0306630146054483
4714,0.15615705931495405,0.7961847389558232,0.02140711462450593,0.2391377245508982,0.06195454545454545,0.1562207357859532,0.2787287509238729,0.33675527039413383,0.14536771728748804,0.33743119266055044,0.6070736878976658,0.46659163987154934,1.0238738877299998,1.0248528259662186
1318,0.3304093567251462,0.6839022757700804,0.017202459376363638,0.44614770459113773,0.01972348484847727,0.33082497212876255,0.3154471544715447,0.4323250840210816,0.07392152180826171,0.4331804281344036,0.5378517227954955,0.5229159223529914,1.06428930789,1.0524605909283606
5458,0.16842105263157894,0.746987951807229,0.020242424242424242,0.25523353293413176,0.05490909090909091,0.168494983277592,0.3081448632668145,0.35288725939505045,0.14340974212034385,0.35302752293577977,0.6023067403861486,0.4995534119330116,0.9990567884479999,1.014792029960529
7614,0.16865497076023392,0.7606425702811246,0.02093280632411067,0.25849101796407187,0.05604545454545454,0.1688294314381271,0.30681448632668146,0.3451879010082493,0.1421680993314231,0.3454128440366972,0.6079462709528979,0.49685244730278555,1.01101650564,1.0149852228335572
6932,0.422890559732665,0.6279116465863454,0.012498023715415021,0.35104191616766467,0.011445454545454547,0.422742474916388,0.26282335550628233,0.6907424381301559,0.0474116523400191,0.6903669724770641,0.3290164282280316,0.48447302608091614,1.02410828891,1.028599204246358
6603,0.6551378446115288,0.8144578313253013,0.024722002635046113,0.49475449101796404,0.015927272727272724,0.6551839464882943,0.22240946045824095,0.7041246562786434,0.026494746895893026,0.7045871559633027,0.299770523496651,0.4504108610219544,1.0470359466799999,1.0685141463031809
5542,0.44789055973266495,0.9976154618473896,0.969038208168643,0.7008383233532934,0.946590909090909,0.44774247491638797,0.35192165558019217,0.33696150320806606,0.06255670964660937,0.3373279816513761,0.6214860112438589,0.31608163629879105,1.4844430762600003,1.5171145408952587
6820,0.3262322472848789,0.6839022757700804,0.016271409749670618,0.4477445109777246,0.01941666666665909,0.32636566332274247,0.29950726780044346,0.42804766269477545,0.07371856096776504,0.4282110091743119,0.5458530095427374,0.5185602000716394,1.0901595205299999,1.055496359466348
6953,0.15532163742690058,0.801004016064257,0.018914361001317524,0.2314730538922156,0.05609090909090909,0.15531772575250838,0.2605469327420547,0.3448212648945921,0.13949379178605542,0.34550458715596327,0.5920224763338716,0.4577884958915534,1.02749339513,1.0272896149146313
4630,0.2812587023116123,0.6077643908965863,0.025423803249881426,0.4974051896210778,0.04468939393931817,0.2816610925301003,0.5565410199556542,0.33287503819156744,0.20459248646919773,0.33318042813440363,0.7022264716917236,0.8690603787069914,1.1574062081299998,1.1564918354909361
5345,0.272765246449457,0.5660977242299197,0.023179622310065873,0.4748902195611976,0.03914015151522727,0.2731326644364549,0.5644000985469327,0.3365413993281393,0.20105062082139447,0.33700305810412845,0.6905449970278217,0.8917768250573033,1.13060440006,1.2001523450105247
5541,0.26608187134502925,0.57613788487249,0.024672815107588935,0.46866267465101796,0.04351515151522727,0.26588628762541805,0.5789849716674058,0.33226397800183316,0.2140639923591213,0.3326452599389908,0.6996025627628248,0.8686435631780524,1.17615859317,1.174833909546869
2382,0.29172932330827067,0.6652610441767068,0.011193675889328064,0.34970059880239523,0.014977272727272724,0.2919732441471572,0.222379896526238,0.4586617781851512,0.0591738299904489,0.4593577981651376,0.47596233850498376,0.49690246516630826,0.9920810779989999,1.03671572614066
4892,0.4227234753550543,0.630722891566265,0.012600790513833992,0.34835928143712575,0.01153181818181818,0.4234113712374582,0.2684109386548411,0.6934922089825848,0.048591212989493794,0.6954128440366972,0.3267734191441405,0.4806716684531907,0.997493550706,1.0321601870674797
6836,0.2912280701754386,0.674698795180723,0.014102766798418973,0.348934131736527,0.018759090909090906,0.291304347826087,0.285439763488544,0.45792850595783685,0.0745702005730659,0.458256880733945,0.4761613434263511,0.5086066452306212,1.01055787193,1.0245185940126873
6440,0.6449456975772765,0.7771084337349398,0.02250329380764163,0.48728143712574856,0.014399999999999998,0.6454849498327759,0.2585070214338507,0.7092575618698441,0.03086914995224451,0.710091743119266,0.29984324331464035,0.47406931046819367,1.02166498411,1.0496146147114702
6438,0.26148705096073516,0.5868473895582329,0.02093983311375494,0.4691417165671856,0.040371212121136354,0.26162207357859535,0.5053215077605322,0.3278337916287809,0.19969754855133717,0.3282874617738532,0.7113262977767743,0.8238358937714627,1.13301781328,1.13043560877492
5112,0.8857328506432748,0.9857206604196787,0.17297613819341237,0.9974717232191617,0.08270202020204545,0.8875882571538461,0.1775478360842572,0.4666462979935838,0.015865435636198664,0.46687054026605496,0.4466709770648915,0.31819697510943845,1.6391344286899998,1.558074671952429
6890,0.6502923976608187,0.8196787148594378,0.02676679841897233,0.48804790419161675,0.017772727272727273,0.6511705685618728,0.2516186252771619,0.6997250229147572,0.030773638968481377,0.7,0.29736581445635796,0.4333797784924735,1.03906569424,1.0955897981084575
1716,0.4957393483709273,0.8895582329317268,0.043267457180500665,0.521005988023952,0.03731818181818182,0.4959866220735786,0.2561714708056172,0.5037580201649863,0.03984240687679084,0.5036697247706421,0.4166568630639716,0.48219721329063314,1.0648350324,1.0637706322435
2365,0.2731829573934837,0.545850066934739,0.025410628019314888,0.4724950099803593,0.037132575757499994,0.27324414715719064,0.6292682926829268,0.3619003971888176,0.1804759630690067,0.36253822629954124,0.6873238459233759,0.9107419316421618,1.27706024881,1.2390255076396621
2370,0.28287385129490394,0.6670682730923695,0.012453227931488802,0.34855089820359286,0.017409090909090905,0.2826086956521739,0.2735254988913526,0.4502291475710357,0.07419770773638969,0.4503669724770642,0.4892791138191667,0.47734548052893083,1.02839868587,1.0470350813428089
7502,0.4183792815371763,0.6154618473895582,0.012693544137022398,0.3468263473053893,0.011718181818181819,0.4183946488294314,0.29016999260901705,0.6894592117323557,0.051805157593123215,0.6905504587155963,0.3298639837574433,0.49545194712414986,1.02703580562,1.014319577075802
4888,0.8913951545530492,0.7471887550200803,0.01424505928853755,0.5828982035928144,0.006663636363636362,0.8929765886287626,0.2215816703621582,0.8124656278643446,0.01925023877745941,0.8137614678899082,0.25986997773866727,0.46244015719916487,1.05032485604,1.0432976398366307
2364,0.28905597326649957,0.6714859437751004,0.013523056653491438,0.34644311377245507,0.01799090909090909,0.28963210702341136,0.2802660753880266,0.4586617781851512,0.07324737344794652,0.4590825688073394,0.47608503346499864,0.5066309396214743,1.01931802378,1.0264720421187277
977,0.8912907268170426,0.9801706827309237,0.1189064558629776,0.9976047904191617,0.05693181818181818,0.8913043478260868,0.16633407243163342,0.46837763519706693,0.014637058261700095,0.46817660550458706,0.44560714072316737,0.3244439978564932,1.54145707701,1.5215525630013487
7644,0.6509607351712614,0.7748995983935744,0.023783926218708826,0.5070179640718563,0.015427272727272724,0.6518394648829431,0.25989652623798964,0.6911090742438131,0.03074976122254059,0.6926605504587156,0.30930801148857134,0.4661914969633677,1.04196511159,1.0638350849329523
