num,app,alongwith,budget,ind_exec,exec,config,slowdown_p,slowdown_gt,success_p,success_gt,raw_qos,qos
5,bodytrack,swaptions/ferret/bodytrack/svm/nn,8.757810831069946,8.757810831069946,14.930222511291504,layer-5-particle-4000,0.5168097292805767,1.7047893359746698,True,False,5.0,1.0
5,swaptions,swaptions/ferret/bodytrack/svm/nn,21.938838958740234,13.247070550918579,22.23684573173523,num-600000,1.4150975371159844,1.6786236357889164,True,True,97.11033760092391,0.7982135488174102
5,ferret,swaptions/ferret/bodytrack/svm/nn,1.9440078735351562,1.8949692249298096,2.1870594024658203,hash-8-itr-14-probe-16,1.0134569495742973,1.154139800105107,True,False,100.0,1.0
5,nn,swaptions/ferret/bodytrack/svm/nn,21.02316689491272,14.150341987609863,23.842748165130615,batch-3-learning-1-regular-67,1.317012712676389,1.6849591469949976,True,False,23.3,0.8305084745762712
5,svm,swaptions/ferret/bodytrack/svm/nn,17.03521704673767,13.449683904647827,20.61955237388611,batch-3-learning-56-regular-78,1.2035156754937542,1.5330882510004997,True,False,26.32,0.479568234387047
5,bodytrack,swaptions/ferret/bodytrack/svm/nn,8.757810831069946,8.757810831069946,13.247661352157593,layer-5-particle-4000,0.5168097292805767,1.5126681322185078,True,False,5.0,1.0
5,swaptions,swaptions/ferret/bodytrack/svm/nn,21.938838958740234,13.247070550918579,19.54244613647461,num-600000,1.4150975371159844,1.475227754042534,True,True,97.11033760092391,0.7982135488174102
5,ferret,swaptions/ferret/bodytrack/svm/nn,1.9440078735351562,1.8949692249298096,3.831927537918091,hash-8-itr-14-probe-16,1.0134569495742973,2.022158189962176,True,False,100.0,1.0
5,nn,swaptions/ferret/bodytrack/svm/nn,21.02316689491272,14.150341987609863,22.50638222694397,batch-3-learning-1-regular-67,1.317012712676389,1.5905186070167572,True,True,19.8,0.5338983050847458
5,svm,swaptions/ferret/bodytrack/svm/nn,17.03521704673767,13.449683904647827,20.981056213378906,batch-3-learning-56-regular-78,1.2035156754937542,1.5599664915640472,True,False,29.26,0.7062451811873555
5,bodytrack,swaptions/ferret/bodytrack/svm/nn,8.757810831069946,8.757810831069946,13.783393383026123,layer-5-particle-4000,0.5168097292805767,1.5738400439213642,True,False,5.0,1.0
5,swaptions,swaptions/ferret/bodytrack/svm/nn,21.938838958740234,13.247070550918579,18.79646062850952,num-600000,1.4150975371159844,1.4189145106656156,True,True,97.11033760092391,0.7982135488174102
5,ferret,swaptions/ferret/bodytrack/svm/nn,1.9440078735351562,1.8949692249298096,2.197812795639038,hash-8-itr-14-probe-16,1.0134569495742973,1.1598145060748657,True,False,100.0,1.0
5,nn,swaptions/ferret/bodytrack/svm/nn,21.02316689491272,14.150341987609863,20.816747188568115,batch-3-learning-1-regular-67,1.317012712676389,1.4711126562732832,True,True,17.7,0.35593220338983045
5,svm,swaptions/ferret/bodytrack/svm/nn,17.03521704673767,13.449683904647827,20.4817533493042,batch-3-learning-56-regular-78,1.2035156754937542,1.522842729577183,True,False,26.14,0.46569005397070157
5,bodytrack,swaptions/ferret/bodytrack/svm/nn,8.757810831069946,8.757810831069946,14.196645021438599,layer-5-particle-4000,0.5168097292805767,1.6210266806715425,True,False,5.0,1.0
5,swaptions,swaptions/ferret/bodytrack/svm/nn,21.938838958740234,13.247070550918579,23.391395330429077,num-600000,1.4150975371159844,1.765778723719945,True,True,97.11033760092391,0.7982135488174102
5,ferret,swaptions/ferret/bodytrack/svm/nn,1.9440078735351562,1.8949692249298096,2.393256187438965,hash-8-itr-14-probe-16,1.0134569495742973,1.2629525355630047,True,False,100.0,1.0
5,nn,swaptions/ferret/bodytrack/svm/nn,21.02316689491272,14.150341987609863,22.49974250793457,batch-3-learning-1-regular-67,1.317012712676389,1.5900493802648374,True,True,22.1,0.728813559322034
5,svm,swaptions/ferret/bodytrack/svm/nn,17.03521704673767,13.449683904647827,20.197316884994507,batch-3-learning-56-regular-78,1.2035156754937542,1.5016945400489963,True,False,30.75,0.8211256746337702
5,bodytrack,swaptions/ferret/bodytrack/svm/facedetect,8.757810831069946,8.757810831069946,14.636589050292969,layer-5-particle-4000,0.6505418751163088,1.6712611556265835,True,False,5.0,1.0
5,swaptions,swaptions/ferret/bodytrack/svm/facedetect,21.938838958740234,13.247070550918579,20.332388639450073,num-600000,1.4852992464246932,1.5348592401087637,True,True,97.11033760092391,0.7982135488174102
5,facedetect,swaptions/ferret/bodytrack/svm/facedetect,98.80850052833557,21.4960834980011,29.678854942321777,eyes-0-pyramid-9-selectivity-1,1.4029973293199314,1.3806633634020629,True,True,92.7307139386279,1.0
5,ferret,swaptions/ferret/bodytrack/svm/facedetect,1.9440078735351562,1.8949692249298096,2.0759100914001465,hash-8-itr-14-probe-16,0.9980222977534572,1.0954848575322056,True,True,100.0,1.0
5,svm,swaptions/ferret/bodytrack/svm/facedetect,17.03521704673767,16.784786224365234,22.393399715423584,batch-5-learning-56-regular-45,0.9828102667528111,1.3341486400891267,True,False,32.07,0.9228989976869699
5,bodytrack,swaptions/ferret/bodytrack/svm/facedetect,8.757810831069946,8.757810831069946,14.134625911712646,layer-5-particle-4000,0.6505418751163088,1.6139451039028452,True,False,5.0,1.0
5,swaptions,swaptions/ferret/bodytrack/svm/facedetect,21.938838958740234,13.247070550918579,17.4637610912323,num-600000,1.4852992464246932,1.3183111710702957,True,True,97.11033760092391,0.7982135488174102
5,facedetect,swaptions/ferret/bodytrack/svm/facedetect,98.80850052833557,21.4960834980011,29.506787300109863,eyes-0-pyramid-9-selectivity-1,1.4029973293199314,1.3726587591108712,True,True,92.7307139386279,1.0
5,ferret,swaptions/ferret/bodytrack/svm/facedetect,1.9440078735351562,1.8949692249298096,3.1942105293273926,hash-8-itr-14-probe-16,0.9980222977534572,1.6856265987357697,True,False,100.0,1.0
5,svm,swaptions/ferret/bodytrack/svm/facedetect,17.03521704673767,16.784786224365234,22.363470792770386,batch-5-learning-56-regular-45,0.9828102667528111,1.3323655418564095,True,False,29.580000000000002,0.7309175019275251
5,bodytrack,swaptions/ferret/bodytrack/svm/facedetect,8.757810831069946,8.757810831069946,12.939679145812988,layer-5-particle-4000,0.6505418751163088,1.477501557798793,True,False,5.0,1.0
5,swaptions,swaptions/ferret/bodytrack/svm/facedetect,21.938838958740234,13.247070550918579,24.599413871765137,num-600000,1.4852992464246932,1.8569700959325957,True,False,97.11033760092391,0.7982135488174102
5,facedetect,swaptions/ferret/bodytrack/svm/facedetect,98.80850052833557,21.4960834980011,28.89479660987854,eyes-0-pyramid-9-selectivity-1,1.4029973293199314,1.3441888896907868,True,True,92.7307139386279,1.0
5,ferret,swaptions/ferret/bodytrack/svm/facedetect,1.9440078735351562,1.8949692249298096,3.233513116836548,hash-8-itr-14-probe-16,0.9980222977534572,1.7063670872841317,True,False,100.0,1.0
5,svm,swaptions/ferret/bodytrack/svm/facedetect,17.03521704673767,16.784786224365234,22.66819429397583,batch-5-learning-56-regular-45,0.9828102667528111,1.350520286107075,True,False,27.63,0.5805705474171163
5,bodytrack,swaptions/ferret/bodytrack/svm/facedetect,8.757810831069946,8.757810831069946,14.29082989692688,layer-5-particle-4000,0.6505418751163088,1.6317810663627867,True,False,5.0,1.0
5,swaptions,swaptions/ferret/bodytrack/svm/facedetect,21.938838958740234,13.247070550918579,19.645898580551147,num-600000,1.4852992464246932,1.48303721226795,True,True,97.11033760092391,0.7982135488174102
5,facedetect,swaptions/ferret/bodytrack/svm/facedetect,98.80850052833557,21.4960834980011,30.690542697906494,eyes-0-pyramid-9-selectivity-1,1.4029973293199314,1.4277271811286172,True,True,92.7307139386279,1.0
5,ferret,swaptions/ferret/bodytrack/svm/facedetect,1.9440078735351562,1.8949692249298096,2.135091781616211,hash-8-itr-14-probe-16,0.9980222977534572,1.126715808113082,True,True,100.0,1.0
5,svm,swaptions/ferret/bodytrack/svm/facedetect,17.03521704673767,16.784786224365234,22.07924222946167,batch-5-learning-56-regular-45,0.9828102667528111,1.3154318401393081,True,False,28.98,0.684656900539707
5,bodytrack,swaptions/ferret/bodytrack/nn/facedetect,8.757810831069946,8.757810831069946,12.814142942428589,layer-5-particle-4000,0.6627297641895391,1.463167358784236,True,False,5.0,1.0
5,swaptions,swaptions/ferret/bodytrack/nn/facedetect,21.938838958740234,13.247070550918579,18.716680765151978,num-600000,1.454670897494435,1.4128920573955972,True,True,97.11033760092391,0.7982135488174102
5,facedetect,swaptions/ferret/bodytrack/nn/facedetect,98.80850052833557,21.4960834980011,28.64387559890747,eyes-0-pyramid-9-selectivity-1,1.3208722669692943,1.3325160186306049,True,True,92.7307139386279,1.0
5,ferret,swaptions/ferret/bodytrack/nn/facedetect,1.9440078735351562,1.8949692249298096,2.091344118118286,hash-8-itr-14-probe-16,0.9874819741252858,1.1036295949322081,True,True,100.0,1.0
5,nn,swaptions/ferret/bodytrack/nn/facedetect,21.02316689491272,14.150341987609863,20.299306392669678,batch-3-learning-1-regular-67,1.0422169815970812,1.4345452859332934,True,True,15.5,0.1694915254237288
5,bodytrack,swaptions/ferret/bodytrack/nn/facedetect,8.757810831069946,8.757810831069946,10.766815900802612,layer-5-particle-4000,0.6627297641895391,1.2293958054683427,True,False,5.0,1.0
5,swaptions,swaptions/ferret/bodytrack/nn/facedetect,21.938838958740234,13.247070550918579,18.12101721763611,num-600000,1.454670897494435,1.3679263764757077,True,True,97.11033760092391,0.7982135488174102
5,facedetect,swaptions/ferret/bodytrack/nn/facedetect,98.80850052833557,21.4960834980011,28.594733715057373,eyes-0-pyramid-9-selectivity-1,1.3208722669692943,1.3302299331744023,True,True,92.7307139386279,1.0
5,ferret,swaptions/ferret/bodytrack/nn/facedetect,1.9440078735351562,1.8949692249298096,2.105466604232788,hash-8-itr-14-probe-16,0.9874819741252858,1.111082215232691,True,True,100.0,1.0
5,nn,swaptions/ferret/bodytrack/nn/facedetect,21.02316689491272,14.150341987609863,19.78495717048645,batch-3-learning-1-regular-67,1.0422169815970812,1.3981963960878327,True,True,20.1,0.5593220338983051
5,bodytrack,swaptions/ferret/bodytrack/nn/facedetect,8.757810831069946,8.757810831069946,12.774205446243286,layer-5-particle-4000,0.6627297641895391,1.458607144256238,True,False,5.0,1.0
5,swaptions,swaptions/ferret/bodytrack/nn/facedetect,21.938838958740234,13.247070550918579,19.705930471420288,num-600000,1.454670897494435,1.4875689229309523,True,True,97.11033760092391,0.7982135488174102
5,facedetect,swaptions/ferret/bodytrack/nn/facedetect,98.80850052833557,21.4960834980011,29.298904180526733,eyes-0-pyramid-9-selectivity-1,1.3208722669692943,1.3629880151540728,True,True,92.7307139386279,1.0
5,ferret,swaptions/ferret/bodytrack/nn/facedetect,1.9440078735351562,1.8949692249298096,2.1372125148773193,hash-8-itr-14-probe-16,0.9874819741252858,1.1278349467424635,True,True,100.0,1.0
5,nn,swaptions/ferret/bodytrack/nn/facedetect,21.02316689491272,14.150341987609863,19.477391719818115,batch-3-learning-1-regular-67,1.0422169815970812,1.3764608471563906,True,True,19.400000000000002,0.5000000000000001
5,bodytrack,swaptions/ferret/bodytrack/nn/facedetect,8.757810831069946,8.757810831069946,11.557555913925171,layer-5-particle-4000,0.6627297641895391,1.3196854941103104,True,False,5.0,1.0
5,swaptions,swaptions/ferret/bodytrack/nn/facedetect,21.938838958740234,13.247070550918579,19.749420166015625,num-600000,1.454670897494435,1.4908518898652774,True,True,97.11033760092391,0.7982135488174102
5,facedetect,swaptions/ferret/bodytrack/nn/facedetect,98.80850052833557,21.4960834980011,27.056132793426514,eyes-0-pyramid-9-selectivity-1,1.3208722669692943,1.2586540611429258,True,True,92.7307139386279,1.0
5,ferret,swaptions/ferret/bodytrack/nn/facedetect,1.9440078735351562,1.8949692249298096,2.0900797843933105,hash-8-itr-14-probe-16,0.9874819741252858,1.1029623895188736,True,True,100.0,1.0
5,nn,swaptions/ferret/bodytrack/nn/facedetect,21.02316689491272,14.150341987609863,20.695070266723633,batch-3-learning-1-regular-67,1.0422169815970812,1.4625137883483226,True,True,21.099999999999998,0.6440677966101692
5,swaptions,swaptions/ferret/svm/nn/facedetect,21.938838958740234,13.247070550918579,19.971083402633667,num-600000,1.3749578982101562,1.507584890249477,True,True,97.11033760092391,0.7982135488174102
5,facedetect,swaptions/ferret/svm/nn/facedetect,98.80850052833557,21.4960834980011,32.35022497177124,eyes-0-pyramid-9-selectivity-1,1.363474802099149,1.5049357700336183,True,True,92.7307139386279,1.0
5,ferret,swaptions/ferret/svm/nn/facedetect,1.9440078735351562,1.7595577239990234,3.0754191875457764,hash-8-itr-7-probe-8,-4.1978021563661745,1.7478364850436037,True,False,99.36078431372549,1.0
5,nn,swaptions/ferret/svm/nn/facedetect,21.02316689491272,14.150341987609863,20.220354080200195,batch-3-learning-1-regular-67,1.224440310255182,1.4289657520578143,True,True,17.599999999999998,0.34745762711864386
5,svm,swaptions/ferret/svm/nn/facedetect,17.03521704673767,13.449683904647827,20.38339591026306,batch-3-learning-56-regular-78,1.130248280443231,1.5155297369642375,True,False,27.72,0.587509637625289
5,swaptions,swaptions/ferret/svm/nn/facedetect,21.938838958740234,13.247070550918579,20.42312455177307,num-600000,1.3749578982101562,1.541708747852701,True,True,97.11033760092391,0.7982135488174102
5,facedetect,swaptions/ferret/svm/nn/facedetect,98.80850052833557,21.4960834980011,32.06667137145996,eyes-0-pyramid-9-selectivity-1,1.363474802099149,1.4917448275841416,True,True,92.7307139386279,1.0
5,ferret,swaptions/ferret/svm/nn/facedetect,1.9440078735351562,1.7595577239990234,2.979829788208008,hash-8-itr-7-probe-8,-4.1978021563661745,1.693510674623177,True,False,99.36078431372549,1.0
5,nn,swaptions/ferret/svm/nn/facedetect,21.02316689491272,14.150341987609863,20.901680946350098,batch-3-learning-1-regular-67,1.224440310255182,1.4771148969156895,True,True,20.0,0.5508474576271186
5,svm,swaptions/ferret/svm/nn/facedetect,17.03521704673767,13.449683904647827,21.813539743423462,batch-3-learning-56-regular-78,1.130248280443231,1.6218626324656837,True,False,27.98,0.6075558982266769
5,swaptions,swaptions/ferret/svm/nn/facedetect,21.938838958740234,13.247070550918579,21.12317967414856,num-600000,1.3749578982101562,1.594554780466828,True,True,97.11033760092391,0.7982135488174102
5,facedetect,swaptions/ferret/svm/nn/facedetect,98.80850052833557,21.4960834980011,32.08409309387207,eyes-0-pyramid-9-selectivity-1,1.363474802099149,1.4925552878902588,True,True,92.7307139386279,1.0
5,ferret,swaptions/ferret/svm/nn/facedetect,1.9440078735351562,1.7595577239990234,2.001941442489624,hash-8-itr-7-probe-8,-4.1978021563661745,1.137752638168485,True,True,99.36078431372549,1.0
5,nn,swaptions/ferret/svm/nn/facedetect,21.02316689491272,14.150341987609863,22.41897678375244,batch-3-learning-1-regular-67,1.224440310255182,1.5843416931818788,True,True,18.9,0.45762711864406763
5,svm,swaptions/ferret/svm/nn/facedetect,17.03521704673767,13.449683904647827,20.852640390396118,batch-3-learning-56-regular-78,1.130248280443231,1.5504186223432388,True,False,24.01,0.3014649190439476
5,swaptions,swaptions/ferret/svm/nn/facedetect,21.938838958740234,13.247070550918579,24.089117765426636,num-600000,1.3749578982101562,1.818448665524488,True,True,97.11033760092391,0.7982135488174102
5,facedetect,swaptions/ferret/svm/nn/facedetect,98.80850052833557,21.4960834980011,31.343387365341187,eyes-0-pyramid-9-selectivity-1,1.363474802099149,1.4580975817411475,True,True,92.7307139386279,1.0
5,ferret,swaptions/ferret/svm/nn/facedetect,1.9440078735351562,1.7595577239990234,2.012765407562256,hash-8-itr-7-probe-8,-4.1978021563661745,1.1439041641599323,True,True,99.36078431372549,1.0
5,nn,swaptions/ferret/svm/nn/facedetect,21.02316689491272,14.150341987609863,21.930384635925293,batch-3-learning-1-regular-67,1.224440310255182,1.549813047283782,True,True,15.0,0.1271186440677966
5,svm,swaptions/ferret/svm/nn/facedetect,17.03521704673767,13.449683904647827,20.155040740966797,batch-3-learning-56-regular-78,1.130248280443231,1.4985512584427199,True,False,30.099999999999998,0.7710100231303005
5,bodytrack,swaptions/bodytrack/svm/nn/facedetect,8.757810831069946,8.757810831069946,13.217661619186401,layer-5-particle-4000,0.4793692028882291,1.5092426491212065,True,False,5.0,1.0
5,swaptions,swaptions/bodytrack/svm/nn/facedetect,21.938838958740234,13.247070550918579,21.119287252426147,num-600000,1.2809560154594326,1.5942609478260605,True,True,97.11033760092391,0.7982135488174102
5,facedetect,swaptions/bodytrack/svm/nn/facedetect,98.80850052833557,21.4960834980011,33.982720613479614,eyes-0-pyramid-9-selectivity-1,1.3735463634921876,1.5808796340337827,True,True,92.7307139386279,1.0
5,nn,swaptions/bodytrack/svm/nn/facedetect,21.02316689491272,14.150341987609863,20.240549564361572,batch-3-learning-1-regular-67,1.2224515545790944,1.4303929602609136,True,True,21.4,0.6694915254237287
5,svm,swaptions/bodytrack/svm/nn/facedetect,17.03521704673767,13.449683904647827,20.43615174293518,batch-3-learning-56-regular-78,1.2195286587020615,1.5194521958893792,True,False,22.470000000000002,0.18272937548188137
5,bodytrack,swaptions/bodytrack/svm/nn/facedetect,8.757810831069946,8.757810831069946,13.35228157043457,layer-5-particle-4000,0.4793692028882291,1.524614064860238,True,False,5.0,1.0
5,swaptions,swaptions/bodytrack/svm/nn/facedetect,21.938838958740234,13.247070550918579,23.194064140319824,num-600000,1.2809560154594326,1.7508825103004755,True,True,97.11033760092391,0.7982135488174102
5,facedetect,swaptions/bodytrack/svm/nn/facedetect,98.80850052833557,21.4960834980011,31.523149251937866,eyes-0-pyramid-9-selectivity-1,1.3735463634921876,1.466460123067031,True,True,92.7307139386279,1.0
5,nn,swaptions/bodytrack/svm/nn/facedetect,21.02316689491272,14.150341987609863,21.343688249588013,batch-3-learning-1-regular-67,1.2224515545790944,1.5083514072152244,True,True,22.0,0.7203389830508474
5,svm,swaptions/bodytrack/svm/nn/facedetect,17.03521704673767,13.449683904647827,20.410008430480957,batch-3-learning-56-regular-78,1.2195286587020615,1.5175084095045417,True,False,29.15,0.6977640709329219
5,bodytrack,swaptions/bodytrack/svm/nn/facedetect,8.757810831069946,8.757810831069946,13.588182210922241,layer-5-particle-4000,0.4793692028882291,1.551550093171191,True,False,5.0,1.0
5,swaptions,swaptions/bodytrack/svm/nn/facedetect,21.938838958740234,13.247070550918579,20.155006408691406,num-600000,1.2809560154594326,1.5214689414705214,True,True,97.11033760092391,0.7982135488174102
5,facedetect,swaptions/bodytrack/svm/nn/facedetect,98.80850052833557,21.4960834980011,30.73071527481079,eyes-0-pyramid-9-selectivity-1,1.3735463634921876,1.4295960135095498,True,True,92.7307139386279,1.0
5,nn,swaptions/bodytrack/svm/nn/facedetect,21.02316689491272,14.150341987609863,21.58721685409546,batch-3-learning-1-regular-67,1.2224515545790944,1.5255614933545334,True,True,19.5,0.5084745762711864
5,svm,swaptions/bodytrack/svm/nn/facedetect,17.03521704673767,13.449683904647827,21.399061679840088,batch-3-learning-56-regular-78,1.2195286587020615,1.5910456953152023,True,False,25.75,0.4356206630686198
5,bodytrack,swaptions/bodytrack/svm/nn/facedetect,8.757810831069946,8.757810831069946,16.413854598999023,layer-5-particle-4000,0.4793692028882291,1.874196065159098,True,False,5.0,1.0
5,swaptions,swaptions/bodytrack/svm/nn/facedetect,21.938838958740234,13.247070550918579,20.915647983551025,num-600000,1.2809560154594326,1.5788885477099457,True,True,97.11033760092391,0.7982135488174102
5,facedetect,swaptions/bodytrack/svm/nn/facedetect,98.80850052833557,21.4960834980011,31.67763590812683,eyes-0-pyramid-9-selectivity-1,1.3735463634921876,1.4736468580926616,True,True,92.7307139386279,1.0
5,nn,swaptions/bodytrack/svm/nn/facedetect,21.02316689491272,14.150341987609863,20.033110857009888,batch-3-learning-1-regular-67,1.2224515545790944,1.4157333352473755,True,True,21.3,0.6610169491525424
5,svm,swaptions/bodytrack/svm/nn/facedetect,17.03521704673767,13.449683904647827,19.820088863372803,batch-3-learning-56-regular-78,1.2195286587020615,1.473647187836403,True,False,32.86,0.9838087895142636
5,bodytrack,ferret/bodytrack/svm/nn/facedetect,8.757810831069946,8.757810831069946,14.319220542907715,layer-5-particle-4000,0.5704412727669804,1.6350228178151147,True,False,5.0,1.0
5,facedetect,ferret/bodytrack/svm/nn/facedetect,98.80850052833557,21.4960834980011,32.66176128387451,eyes-0-pyramid-9-selectivity-1,1.375427499899572,1.5194284710938948,True,True,92.7307139386279,1.0
5,ferret,ferret/bodytrack/svm/nn/facedetect,1.9440078735351562,1.8404779434204102,3.772841453552246,hash-8-itr-25-probe-12,1.0259581579017227,2.0499248399253633,True,False,99.68627450980392,1.0
5,nn,ferret/bodytrack/svm/nn/facedetect,21.02316689491272,14.150341987609863,22.35986042022705,batch-3-learning-1-regular-67,1.2077330792481908,1.5801639592743058,True,True,19.7,0.5254237288135593
5,svm,ferret/bodytrack/svm/nn/facedetect,17.03521704673767,13.449683904647827,20.22451162338257,batch-3-learning-56-regular-78,1.1478744477626666,1.503716501202943,True,False,30.69,0.8164996144949885
5,bodytrack,ferret/bodytrack/svm/nn/facedetect,8.757810831069946,8.757810831069946,11.981245279312134,layer-5-particle-4000,0.5704412727669804,1.3680639500463359,True,False,5.0,1.0
5,facedetect,ferret/bodytrack/svm/nn/facedetect,98.80850052833557,21.4960834980011,32.95347213745117,eyes-0-pyramid-9-selectivity-1,1.375427499899572,1.5329988897984828,True,True,92.7307139386279,1.0
5,ferret,ferret/bodytrack/svm/nn/facedetect,1.9440078735351562,1.8404779434204102,2.094024658203125,hash-8-itr-25-probe-12,1.0259581579017227,1.1377613438341536,True,True,99.68627450980392,1.0
5,nn,ferret/bodytrack/svm/nn/facedetect,21.02316689491272,14.150341987609863,21.8638653755188,batch-3-learning-1-regular-67,1.2077330792481908,1.5451121530958722,True,True,16.3,0.23728813559322037
5,svm,ferret/bodytrack/svm/nn/facedetect,17.03521704673767,13.449683904647827,20.616708755493164,batch-3-learning-56-regular-78,1.1478744477626666,1.5328768245898046,True,False,29.49,0.7239784117193522
5,bodytrack,ferret/bodytrack/svm/nn/facedetect,8.757810831069946,8.757810831069946,14.023154973983765,layer-5-particle-4000,0.5704412727669804,1.601216930175523,True,False,5.0,1.0
5,facedetect,ferret/bodytrack/svm/nn/facedetect,98.80850052833557,21.4960834980011,32.21506094932556,eyes-0-pyramid-9-selectivity-1,1.375427499899572,1.4986479259033958,True,True,92.7307139386279,1.0
5,ferret,ferret/bodytrack/svm/nn/facedetect,1.9440078735351562,1.8404779434204102,2.1579113006591797,hash-8-itr-25-probe-12,1.0259581579017227,1.1724733286663789,True,False,99.68627450980392,1.0
5,nn,ferret/bodytrack/svm/nn/facedetect,21.02316689491272,14.150341987609863,20.431286334991455,batch-3-learning-1-regular-67,1.2077330792481908,1.4438722649163696,True,True,18.9,0.45762711864406763
5,svm,ferret/bodytrack/svm/nn/facedetect,17.03521704673767,13.449683904647827,20.474298238754272,batch-3-learning-56-regular-78,1.1478744477626666,1.522288433238118,True,False,27.93,0.6037008481110253
5,bodytrack,ferret/bodytrack/svm/nn/facedetect,8.757810831069946,8.757810831069946,13.657082796096802,layer-5-particle-4000,0.5704412727669804,1.5594174228616342,True,False,5.0,1.0
5,facedetect,ferret/bodytrack/svm/nn/facedetect,98.80850052833557,21.4960834980011,29.04534363746643,eyes-0-pyramid-9-selectivity-1,1.375427499899572,1.3511923527914902,True,True,92.7307139386279,1.0
5,ferret,ferret/bodytrack/svm/nn/facedetect,1.9440078735351562,1.8404779434204102,2.1205594539642334,hash-8-itr-25-probe-12,1.0259581579017227,1.1521786835561363,True,True,99.68627450980392,1.0
5,nn,ferret/bodytrack/svm/nn/facedetect,21.02316689491272,14.150341987609863,21.8478741645813,batch-3-learning-1-regular-67,1.2077330792481908,1.5439820594944946,True,True,22.3,0.7457627118644068
5,svm,ferret/bodytrack/svm/nn/facedetect,17.03521704673767,13.449683904647827,22.401493549346924,batch-3-learning-56-regular-78,1.1478744477626666,1.6655776974509866,True,False,29.330000000000002,0.7116422513492676
6,bodytrack,swaptions/ferret/bodytrack/svm/nn/facedetect,8.757810831069946,8.757810831069946,14.581430673599243,layer-5-particle-4000,0.3669088738125864,1.6649629633319931,True,False,5.0,1.0
6,swaptions,swaptions/ferret/bodytrack/svm/nn/facedetect,21.938838958740234,13.247070550918579,19.414559841156006,num-600000,1.3957145839379308,1.4655738237771943,True,True,97.11033760092391,0.7982135488174102
6,facedetect,swaptions/ferret/bodytrack/svm/nn/facedetect,98.80850052833557,21.4960834980011,32.051236391067505,eyes-0-pyramid-9-selectivity-1,1.50762303697298,1.4910267907197103,True,True,92.7307139386279,1.0
6,ferret,swaptions/ferret/bodytrack/svm/nn/facedetect,1.9440078735351562,1.8404779434204102,3.1713035106658936,hash-8-itr-25-probe-12,1.032373370797628,1.7230869416300798,True,False,99.68627450980392,1.0
6,nn,swaptions/ferret/bodytrack/svm/nn/facedetect,21.02316689491272,13.015008211135864,20.944293975830078,batch-1-learning-67-regular-56,0.2938888309127098,1.6092417028142771,True,True,20.1,0.5593220338983051
6,svm,swaptions/ferret/bodytrack/svm/nn/facedetect,17.03521704673767,12.81279730796814,19.64083981513977,batch-2-learning-78-regular-34,1.3145095446599329,1.5329080249264027,True,False,24.41,0.3323053199691595
6,bodytrack,swaptions/ferret/bodytrack/svm/nn/facedetect,8.757810831069946,8.757810831069946,15.244029760360718,layer-5-particle-4000,0.3669088738125864,1.7406210358277796,True,False,5.0,1.0
6,swaptions,swaptions/ferret/bodytrack/svm/nn/facedetect,21.938838958740234,13.247070550918579,21.49232006072998,num-600000,1.3957145839379308,1.6224205931506614,True,True,97.11033760092391,0.7982135488174102
6,facedetect,swaptions/ferret/bodytrack/svm/nn/facedetect,98.80850052833557,21.4960834980011,29.867244482040405,eyes-0-pyramid-9-selectivity-1,1.50762303697298,1.3894272640324332,True,True,92.7307139386279,1.0
6,ferret,swaptions/ferret/bodytrack/svm/nn/facedetect,1.9440078735351562,1.8404779434204102,2.127373456954956,hash-8-itr-25-probe-12,1.032373370797628,1.1558809843715752,True,True,99.68627450980392,1.0
6,nn,swaptions/ferret/bodytrack/svm/nn/facedetect,21.02316689491272,13.015008211135864,20.82785201072693,batch-1-learning-67-regular-56,0.2938888309127098,1.6002949573943612,True,True,20.0,0.5508474576271186
6,svm,swaptions/ferret/bodytrack/svm/nn/facedetect,17.03521704673767,12.81279730796814,20.749119758605957,batch-2-learning-78-regular-34,1.3145095446599329,1.6194059158106173,True,False,27.889999999999997,0.6006168080185039
6,bodytrack,swaptions/ferret/bodytrack/svm/nn/facedetect,8.757810831069946,8.757810831069946,12.844515562057495,layer-5-particle-4000,0.3669088738125864,1.4666354194919593,True,False,5.0,1.0
6,swaptions,swaptions/ferret/bodytrack/svm/nn/facedetect,21.938838958740234,13.247070550918579,25.770686149597168,num-600000,1.3957145839379308,1.945387551952773,True,False,97.11033760092391,0.7982135488174102
6,facedetect,swaptions/ferret/bodytrack/svm/nn/facedetect,98.80850052833557,21.4960834980011,29.581231117248535,eyes-0-pyramid-9-selectivity-1,1.50762303697298,1.3761218930880719,True,True,92.7307139386279,1.0
6,ferret,swaptions/ferret/bodytrack/svm/nn/facedetect,1.9440078735351562,1.8404779434204102,3.15356183052063,hash-8-itr-25-probe-12,1.032373370797628,1.7134472280933384,True,False,99.68627450980392,1.0
6,nn,swaptions/ferret/bodytrack/svm/nn/facedetect,21.02316689491272,13.015008211135864,20.954543590545654,batch-1-learning-67-regular-56,0.2938888309127098,1.6100292255379898,True,True,24.099999999999998,0.8983050847457624
6,svm,swaptions/ferret/bodytrack/svm/nn/facedetect,17.03521704673767,12.81279730796814,19.805264711380005,batch-2-learning-78-regular-34,1.3145095446599329,1.545740889779262,True,False,26.240000000000002,0.4734001542020047
6,bodytrack,swaptions/ferret/bodytrack/svm/nn/facedetect,8.757810831069946,8.757810831069946,13.982221126556396,layer-5-particle-4000,0.3669088738125864,1.5965429484902658,True,False,5.0,1.0
6,swaptions,swaptions/ferret/bodytrack/svm/nn/facedetect,21.938838958740234,13.247070550918579,22.35150122642517,num-600000,1.3957145839379308,1.6872787942444583,True,True,97.11033760092391,0.7982135488174102
6,facedetect,swaptions/ferret/bodytrack/svm/nn/facedetect,98.80850052833557,21.4960834980011,32.011518239974976,eyes-0-pyramid-9-selectivity-1,1.50762303697298,1.4891790982739577,True,True,92.7307139386279,1.0
6,ferret,swaptions/ferret/bodytrack/svm/nn/facedetect,1.9440078735351562,1.8404779434204102,3.126978635787964,hash-8-itr-25-probe-12,1.032373370797628,1.6990035914131494,True,False,99.68627450980392,1.0
6,nn,swaptions/ferret/bodytrack/svm/nn/facedetect,21.02316689491272,13.015008211135864,20.491308450698853,batch-1-learning-67-regular-56,0.2938888309127098,1.57443684385586,True,True,17.4,0.330508474576271
6,svm,swaptions/ferret/bodytrack/svm/nn/facedetect,17.03521704673767,12.81279730796814,19.868290424346924,batch-2-learning-78-regular-34,1.3145095446599329,1.5506598556734406,True,False,31.69,0.8936006168080186
