,AFREQ,EXEC,FREQ,INST,INSTnom%,IPC,L2HIT,L2MPI,L3HIT,MEM,PhysIPC%
0,-0.0006864981692132602,0.040662686091324014,0.02720751022536152,-0.0023327681626116497,0.04027632613646329,0.01470016590792783,-0.005321858084071645,0.06375857999722986,0.0046398004709107404,0.15607883290468672,0.01500717713781397
1,,,,,,,,,,,
2,0.0006001999786676122,-0.3461077978322873,-0.0167175204718313,0.4884375816965767,-0.3461426094872378,-0.3338253397734059,-0.02817948535641594,2.2917297879366663,-0.02603665440103706,7.7879896110644555,-0.333886857303124
3,,,,,,,,,,,
4,,,,,,,,,,,
5,,,,,,,,,,,
6,-0.0013744105577586396,0.05503178190195718,0.0409944851208277,-0.008542712404825917,0.05506182103245624,0.025420133786679507,-0.007708439682353433,0.09650315394676112,-0.017611928473677332,1.572560059996216,0.02514337926062967
7,-0.006915434152700943,-0.07004474097206605,0.22503824165460387,0.29934082085639685,-0.06961892240123492,-0.20308395396033097,0.08507086727337265,-0.7446658281442263,-0.03508575272193346,-0.07819199317871038,-0.20371421410932888
8,,,,,,,,,,,
9,,,,,,,,,,,
10,,,,,,,,,,,
11,,,,,,,,,,,
12,,,,,,,,,,,
13,,,,,,,,,,,
14,,,,,,,,,,,
15,,,,,,,,,,,
16,,,,,,,,,,,
17,,,,,,,,,,,
18,-2.8764044019228642e-05,-0.25309689158482956,0.003204662199522008,0.3492698993770304,-0.25319408929286513,-0.25670766714554694,0.12130871159661562,-0.8384150621437843,-0.025121563359446063,-0.49006539193138304,-0.25646114272852255
19,-0.00031785904631783285,0.013948492357702461,0.028199020119005384,0.006195866524626422,0.014002038646035875,-0.011437871185092484,-0.16357325535084624,10.538789131566869,0.0033717577431787104,23.359832819804772,-0.01139165639824941
20,0.0006732546860806144,0.44890094006656495,-0.0151222875844668,-0.3164698091547977,0.44941505155245665,0.4635992158785659,0.007739112371993381,-0.5063993655802136,-0.01620757146313961,-0.26967650589413367,0.4622297300187728
21,,,,,,,,,,,
22,,,,,,,,,,,
23,,,,,,,,,,,
24,,,,,,,,,,,
25,-5.229943458264668e-05,0.0005218355864730435,0.0015438996570096648,0.0015691147922282029,0.000662841557756849,-0.0007975783343414644,-0.01517632339627588,0.5778821732509377,-0.027793407766030922,2.3917779793703358,-0.0008218920730346762
26,0.015547333606393609,-0.29290269306072836,-0.40314652046830407,-0.17236854468525387,-0.2930687762712395,0.11008077478088334,-0.002650511107208396,-0.3941950285928001,0.0028413300255635343,-0.21333557637499595,0.1104252101366651
27,,,,,,,,,,,
28,,,,,,,,,,,
29,,,,,,,,,,,
30,1.821528138884212e-05,0.47861973844577055,-0.001855978883748122,-0.3246277285425239,0.4789311681819284,0.48147297201715133,0.01899347687294306,-0.5774500019152924,-0.00451435062849996,-0.5940465512584376,0.48088568081801725
31,,,,,,,,,,,
32,0.000799063072328846,0.43896681469737503,-0.0194840498515298,-0.3128363312836378,0.43927721781081036,0.4574465720684819,0.03513331430786518,-0.8157437101115742,-0.00854489355797624,-0.7861241519164177,0.4575767485261855
33,,,,,,,,,,,
34,0.0027023021484011488,-0.15069784669470188,-0.060929441550753624,0.12149797300291856,-0.15168772113106532,-0.1112981150097704,-0.16221729011800973,17.46916684402114,0.018572248690439705,12.512020263833053,-0.11153674168843805
35,,,,,,,,,,,
36,-0.00029418382954496787,-0.3154537973691517,0.008351459121272838,0.47838550335978836,-0.31566990151952734,-0.32137156337735545,-0.025685081210601732,2.1074612045302907,0.000906091599022017,3.535986890750628,-0.3211817232898618
37,,,,,,,,,,,
38,,,,,,,,,,,
39,,,,,,,,,,,
40,,,,,,,,,,,
41,5.3074858941232465e-05,-0.0034978175411805546,-0.0012119083635649325,2.3187088418240964e-05,-0.003285167648845103,-0.0015948235965860627,-0.0014349016534359624,0.004242449547552297,-0.0027518542125556816,0.024020591996875337,-0.0014743636655676821
42,,,,,,,,,,,
43,,,,,,,,,,,
44,-1.6748883437839046e-06,-0.2838268453045265,-0.010044129974691316,0.3820852201912601,-0.28390069875828344,-0.27663675716737673,0.17675295775253744,-0.8349239432879387,-0.024412754337588095,-0.6675426604635708,-0.27663285163369356
45,0.00031436443181148953,-0.014204261677366565,-0.0060821261568013,0.006953326942399261,-0.014675167153724862,-0.0101821488101137,-0.003894398925713242,0.2722087030829044,0.005494392356119865,-0.16448478629170157,-0.010508684831351272
46,,,,,,,,,,,
47,,,,,,,,,,,
48,,,,,,,,,,,
49,,,,,,,,,,,
50,0.0015005056575853207,0.3472415378389034,-0.02621845605561262,-0.2760326898617697,0.34721369012433967,0.36883044823186584,-0.13277789035201146,4.1571078947021745,0.0345406782431282,1.021283906827804,0.36938841443157167
51,,,,,,,,,,,
52,,,,,,,,,,,
53,,,,,,,,,,,
54,,,,,,,,,,,
55,0.00025277156558153484,-0.010759503970193322,-0.00665671559743272,0.007461016722686381,-0.010275835061696114,-0.006536776936887147,0.008281750109654934,-0.11227220070903829,0.0008826231772478518,-0.26715905126446376,-0.006979544337972324
56,0.00018078805660917024,-0.015580369822139966,-0.009961599858678219,0.0013823353848640676,-0.015236614396053661,-0.004753423231301761,-0.0025390073217986075,0.01923578120051426,0.004684871303515455,0.1684328493320395,-0.0052770914637911195
57,,,,,,,,,,,
58,,,,,,,,,,,
59,,,,,,,,,,,
60,0.0032047012148582795,-0.14451980150158894,-0.07182831278655841,0.0944522209366051,-0.1444235637273277,-0.09895510018739404,-0.1405307615607994,11.198892220788299,0.01591350304722659,8.461232369565812,-0.0988457448081634
61,-0.00019364312745401554,0.009050303506670968,0.0039733547511582945,-0.009075828720980922,0.010617322246666698,0.007218413529618692,-0.014065145159039479,0.23707187445584307,-0.001764281824903663,1.0838617115176425,0.007595931181344893
62,,,,,,,,,,,
63,,,,,,,,,,,
64,,,,,,,,,,,
65,,,,,,,,,,,
66,,,,,,,,,,,
67,,,,,,,,,,,
68,,,,,,,,,,,
69,,,,,,,,,,,
70,0.0014747677464762735,0.40168184878747965,-0.03878827148535129,-0.31052525193181235,0.40142459538304026,0.4411906265114602,0.025397775991531247,-0.6331832422845018,0.0032238664321902442,-0.8075089043597906,0.4409843420066759
71,,,,,,,,,,,
72,-4.255869368686134e-05,-0.3238840770779899,0.0033126247904864416,0.48435912636127704,-0.32327205403571974,-0.32618264681617054,-0.017880425712904453,1.318744627804041,0.0019102024022615086,2.5624096749575433,-0.32595108615362417
73,,,,,,,,,,,
74,0.0012573708375583437,0.41462281248945704,-0.029852216108296553,-0.304138765696652,0.414984902802117,0.44314267169825583,0.015513344710147666,-0.7413387036606998,-0.0032637969948078496,-0.8487129007951919,0.4431672477235855
75,,,,,,,,,,,
76,,,,,,,,,,,
77,,,,,,,,,,,
78,,,,,,,,,,,
79,,,,,,,,,,,
80,,,,,,,,,,,
81,0.0002658446976367386,-0.008574064097166472,-0.005214744896161497,0.002768213829724074,-0.009077387712883975,-0.005347230826152217,0.010953856588244118,-0.23156907070480595,0.029488879744766865,-0.657614527296242,-0.003809961186991527
82,,,,,,,,,,,
83,,,,,,,,,,,
84,0.0012988077026634297,-0.04767211816994206,-0.033791556251995154,0.018755604862165667,-0.047718329682646096,-0.024326275071152856,0.01523083609554705,-0.24370353589829283,0.02277950127578386,-0.6419138310311937,-0.02395077408536553
85,,,,,,,,,,,
86,,,,,,,,,,,
87,0.00812581846395808,-0.31902334120436887,-0.20667997215173073,0.171345578697615,-0.3195324982996261,-0.17855892738491985,-0.07491391257743987,6.010441549023594,0.04336102515313422,0.4068670949472148,-0.1786501742146862
88,,,,,,,,,,,
89,-0.0001918990471922164,-0.0010447899326726704,0.00016630237008381164,0.003512329565406615,-0.0004041829073218196,-0.0018667628004583512,0.008459461077414925,-0.1986050208739469,0.034278558696999674,-0.5876497662039747,-0.002415477877387846
90,0.002040452963843042,0.020193849530807627,0.006610128478833211,-0.017799431560520926,0.021157244036580845,0.017133077247188228,0.022730398836012102,-0.3099867710032595,0.01481490719026392,-0.45464553451790113,0.016502475854103263
91,,,,,,,,,,,
92,,,,,,,,,,,
93,,,,,,,,,,,
94,,,,,,,,,,,
95,,,,,,,,,,,
96,,,,,,,,,,,
97,,,,,,,,,,,
98,0.000823269387522614,-0.03705897779129186,-0.028375935924957518,0.013209439849079272,-0.03690725308850229,-0.0165028812390089,-0.009973105167856778,0.29676878885845326,-0.019325007639949106,0.25638679548716126,-0.015210038789023425
99,0.0011337659861548623,-0.025953960416540953,-0.029636688858961608,-0.0009587719330837596,-0.024588591974258885,-0.005140543772192471,0.017941147127755405,-0.34398596391360964,0.01631922518927218,-0.6700025873695602,-0.005447938981505876
100,-0.00370612248402512,0.19812716409946085,0.12391168153128962,-0.05662554307262106,0.19815214261007577,0.08380520195756755,-0.04164963646629765,0.07510022889377053,0.0006616688643108043,1.3213192781205143,0.08373638208909409
101,,,,,,,,,,,
102,,,,,,,,,,,
103,,,,,,,,,,,
104,-0.0009627364375289611,0.522678170828109,0.021115071073365344,-0.3328619573568946,0.5223242090468839,0.503006387373375,0.011393527769395975,-0.4986251169620205,-0.0021074523349413478,-0.49587413966086447,0.5022832896352915
105,,,,,,,,,,,
106,,,,,,,,,,,
107,,,,,,,,,,,
108,,,,,,,,,,,
109,-0.015562326973090628,1.1850827817527083,0.6918421822613154,-0.224668601237523,1.1847658370431435,0.35770042855139184,0.03110548612972616,-0.6381424676720329,0.0013579495746531922,-0.6675998156926215,0.35694439982795173
110,,,,,,,,,,,
111,,,,,,,,,,,
112,,,,,,,,,,,
113,,,,,,,,,,,
114,0.005791205314214588,0.13675554635781806,-0.14555728056561432,-0.2363536311223196,0.13658040814395878,0.28129828530123663,-0.11271346764434967,3.9519520683246787,0.014225160282560774,2.09612976615973,0.2814412136683252
115,0.00019177751279104914,-0.3287117894228008,-0.0030660143076493137,0.4817700439904203,-0.3284557769296059,-0.3265655629797296,-0.009652933287537043,0.9221254029299073,-0.011304327697532627,4.169823754636632,-0.3265412519134614
116,-0.0002726742511144089,-0.3171481392691103,0.007276775621726591,0.4775780426899724,-0.31688314317918137,-0.32149030147047414,-0.0235698187840616,1.7502099457366858,-0.016261169478412132,4.979656943796492,-0.32163159147542775
117,,,,,,,,,,,
118,,,,,,,,,,,
119,-0.013148906632285245,0.920540520503586,0.5405146106255648,-0.19296429843084162,0.9195477792797796,0.30865863959651074,0.04954561535103936,-0.8107611212931303,-0.009698103655802835,-0.6256556821336158,0.3080754871862895
120,,,,,,,,,,,
121,,,,,,,,,,,
122,-0.00022224018258978245,0.008163270862695818,0.002561715715328519,-0.0028019793679112874,0.008531238978948516,0.0060593034728540504,0.004005620404233367,0.05246014141208341,-0.008866168545221376,0.1966165036992323,0.005456709970398544
123,3.4261167447007035e-05,-0.0033563639030983077,-0.001290661475995239,9.919646942279525e-05,-0.00347700476487682,-0.0020936821444151907,-0.008720460327543325,0.3071459408398691,-0.0033733729914570665,0.2710072397263388,-0.002542492264281212
124,0.0011594451188606009,-0.04284856349159711,-0.031809092731460764,0.013627749715131221,-0.04265897227287179,-0.020933698996731857,-0.001632238598537561,0.22900757418134104,0.00983900538567246,-0.19590688143758858,-0.020781643943668368
125,,,,,,,,,,,
126,0.0005561890750967653,-0.34248877265253286,-0.012202752330371696,0.4898334942997672,-0.34267473728624676,-0.3340987032085616,-0.017398327865579436,1.389876465327108,-0.0063448041673731465,2.822319574648541,-0.33405555513691115
127,,,,,,,,,,,
128,,,,,,,,,,,
129,,,,,,,,,,,
130,0.0008776054541868662,0.29152297020483087,-0.018252553325842042,-0.24075602457504877,0.29169999783626205,0.3111987750494721,-0.140721792231415,7.066869066045702,0.023950837199470082,1.854144236081801,0.30985730587650745
131,,,,,,,,,,,
132,-0.00019454375921873753,-0.2616705118493938,-0.003638594060113505,0.3472510374756766,-0.26173903838369816,-0.25798386526268446,0.16229451954083046,-0.849775987776979,-0.03264490368455158,-0.5124700627903318,-0.258196013840557
133,,,,,,,,,,,
134,-0.00015763462258876006,0.009447494691186683,0.004874155498496089,-0.0025049280128173596,0.009416713250605177,0.004975793018489019,0.005533694554073499,-0.02848137158228572,-0.008252401235515384,0.01974106056770192,0.005082851118270286
135,-0.006927099383952308,0.2840852484962065,0.26106217092765505,-0.0017688236562988628,0.2839362533541715,0.06311578281118617,-0.05571616240268158,2.29464148535177,0.020218302635122285,0.03900027364606176,0.06293917946257352
136,,,,,,,,,,,
137,0.00039462995699785213,0.0399839346318703,-0.023288047258825932,-0.05441579021351775,0.039566046836921956,0.06090848601316492,0.14467815713290372,-0.9370158035035845,-0.03534535305732697,-0.8299531193108979,0.06060788189480566
138,-0.002222987713143075,-0.22747045756255818,0.04529254660469131,0.3570156250511939,-0.227161133066191,-0.25116691448976497,0.12430380810033932,-0.7399193865645244,-0.056556425362520056,-0.0934067285045399,-0.2514837447661837
139,,,,,,,,,,,
140,,,,,,,,,,,
141,-0.0010801605372583632,-0.300253928899666,0.015933353245708565,0.43795909988634835,-0.3006079577595335,-0.2999946747992697,0.13625010864471224,-0.7596703805821388,-0.045226780681533775,-0.3920393096953784,-0.3005921139594221
142,0.0012225665705468626,-0.3647392706053043,-0.02560762626365038,0.5077469244206385,-0.36499355161875235,-0.34561156918295505,-0.004834429399029331,0.7568616327597298,0.005309033398432344,0.7475785982241472,-0.3453095866082793
143,,,,,,,,,,,
144,,,,,,,,,,,
145,,,,,,,,,,,
146,-0.0006817929635609993,-0.25955126473220375,0.007767846643028336,0.3734133306565475,-0.25910132054042767,-0.26503843662808263,0.13472469933185072,-0.7710098662285588,-0.04366851546109923,-0.3386924253765859,-0.2656491691286643
147,0.013691000068285919,-0.42583648936212515,-0.35843849289131996,0.14418724931775972,-0.4258125114534878,-0.16847298530297317,0.1333238658229231,-0.850893974868723,-0.03022566805120428,-0.5920878342746343,-0.16861707990110675
148,3.152659877730153e-05,-0.004124650608600703,-0.0015041912321895315,0.002392377828809138,-0.004313632343650601,-0.0021973171795208256,0.0030836173359628767,-0.12398161986016733,0.000395257016577728,-0.1924208941702042,-0.0028446434310596884
149,0.012188222877825361,-0.1521027033162278,-0.3114682603334685,-0.18981288273607788,-0.15224238103661555,0.15737240252878737,-0.052189572372494886,1.3005450930309403,0.003685665067505732,0.5697287776617846,0.15818116403814023
150,,,,,,,,,,,
151,,,,,,,,,,,
152,,,,,,,,,,,
153,,,,,,,,,,,
154,,,,,,,,,,,
155,-0.0007862687565455114,0.11554477577279809,0.012921715727027923,-0.0956153108067522,0.11599257678743069,0.10897955123130043,0.1410369839657296,-0.916369426004108,-0.039452670467245377,-0.7300869707731881,0.10768001286368974
156,,,,,,,,,,,
157,-0.0004576742515835111,-0.3105227054853958,0.011672010069602069,0.4755790983381354,-0.3109286361855811,-0.3190222957946834,-0.0217484389942991,1.8693095801247013,0.00795402095558686,1.690584519556568,-0.3181872143876299
158,,,,,,,,,,,
159,,,,,,,,,,,
160,,,,,,,,,,,
161,0.00359500039465536,-0.16784099405640077,-0.08677616334060367,0.11042294578746537,-0.16777811096792888,-0.11078227000511914,-0.11752788542840643,10.30721526031437,0.021356273599601516,5.714961768031355,-0.11091175597982324
162,-0.0005056929694337496,0.03187525956120098,0.014169014272788778,-0.009077811240559718,0.031759019496952506,0.017083276802328337,0.000895590256294225,0.01373170069169011,0.004189075428604982,-0.024702779671446833,0.0170468145546523
163,,,,,,,,,,,
164,,,,,,,,,,,
165,,,,,,,,,,,
166,,,,,,,,,,,
167,,,,,,,,,,,
168,0.00014176714675560138,-0.0013040622923973257,0.0006620613612677398,0.003399576321767361,-0.0011447557899554872,-0.002328908761439962,-0.020483842622046774,0.7618487933404429,-0.028093299104716703,3.4415338939185895,-0.0031278803970369706
169,,,,,,,,,,,
170,,,,,,,,,,,
171,,,,,,,,,,,
172,-0.013836597702685322,0.7824409467218012,0.5412333667326414,-0.14318643446604987,0.7822341595051572,0.2318257263412367,-0.11283942973885398,2.051943027056169,0.018694503022620792,1.9444599551508586,0.23170082105128362
173,,,,,,,,,,,
174,,,,,,,,,,,
175,0.0009272693667726813,-0.031538787773377736,-0.0200866315376615,0.015094028144292346,-0.03131738235516341,-0.018489054142478704,-0.0034489438377395087,0.08199582113462003,-0.009112252804739096,1.1051060514247977,-0.018894527499420857
176,,,,,,,,,,,
177,,,,,,,,,,,
178,-0.009698613618571963,0.5327694076933533,0.34805539340507213,-0.11569670898245961,0.5324865205285174,0.20358626809521327,0.009155874732751822,-0.5014221959980778,-0.01620647880711626,1.4829786288486573,0.2028944180231596
179,0.0013614606551538512,-0.12232501399430151,-0.025954180138867147,0.11144283933609662,-0.12225344678753294,-0.10604821577337521,-0.14047776997110187,17.521277440209136,0.021811434468220668,9.81614857038458,-0.10572831751535161
180,,,,,,,,,,,
181,,,,,,,,,,,
182,,,,,,,,,,,
183,-0.0004366256370031116,0.020431630592723623,0.013039491646652173,-0.002792537366800031,0.02061204933265349,0.007838136275716402,-0.002123380998619322,0.12560456200480175,-0.006625469897573353,0.1590599120905904,0.007187622012600676
184,-0.00679899869857305,-0.06575393389257798,0.20706454380173567,0.298083840780798,-0.06605827775167843,-0.1958094424205503,0.08765563216617728,-0.7253995577256506,-0.02095913541607961,-0.1876467962526648,-0.19600630039794864
185,0.00130934085025207,0.41488483221945566,-0.03305267346340056,-0.310444099974594,0.41401141160194144,0.44843202135722315,0.016695214191329466,-0.5855488462499159,-0.009105907806091877,-0.4432893439835087,0.44770192310741336
186,0.00012096765371172324,0.4718542054579737,-0.004099162268089884,-0.3236471461196175,0.47144946423841055,0.47573944687364306,0.015467582485782231,-0.5509904543806409,-0.006105120508381849,-0.6478988906757623,0.4751646808889852
187,9.704376450996628e-05,-0.3305294798673962,-0.0019262101698024163,0.48459605882468937,-0.33038162006082467,-0.3282792933010103,-0.012455730269727103,1.2449505737382776,-0.017605307089034117,4.425239394188133,-0.3281982318352931
188,,,,,,,,,,,
189,,,,,,,,,,,
190,,,,,,,,,,,
191,-0.004213057069165139,0.18311876713856903,0.16130958013099989,-0.006575190725302175,0.1836346275788111,0.039564686962347516,-0.03849045248625264,0.9803951612975343,0.012345539638907188,0.1396863180516551,0.039430664555876176
192,,,,,,,,,,,
193,-0.002167548130324758,-0.2666150836604487,0.06453286278436483,0.4498320083655065,-0.2665093981711191,-0.29831109451987264,-0.018894424750001217,1.1836909819815362,0.006541929531492919,2.51099171303463,-0.29846798390340057
194,0.0017800868204772716,-0.06446003607439228,-0.044293308208434384,0.02644894460222712,-0.06426424211193778,-0.03465871035696172,-0.0015522380585705974,0.33789575974925323,-0.0005285897334659035,0.1949444563623057,-0.034054827445853655
195,-0.00010540330765719728,-0.0021942201135513287,-0.00385191082233735,-0.0019306631016928766,-0.0020944497502954555,0.002183730129931195,-0.000636108141599186,0.036248529359887156,0.005613842633638793,-0.07278428288757519,0.0020350537460219627
196,-0.008047457487302212,0.29265399461186176,0.25733282518924505,-0.02287029736502224,0.2923463272108654,0.07755347549375415,-0.07604187140565653,1.124763147180169,0.024169587122625704,0.4623670520825831,0.07754401184154344
197,,,,,,,,,,,
198,0.0014655502024739165,0.32829748954553223,-0.030398135491327426,-0.26754780394930855,0.3277277308329943,0.3545881535901334,-0.1355357638774009,5.289112652462634,0.028829057920121057,1.23894737386583,0.35487489907122416
199,,,,,,,,,,,
200,,,,,,,,,,,
201,,,,,,,,,,,
202,,,,,,,,,,,
203,,,,,,,,,,,
204,,,,,,,,,,,
205,,,,,,,,,,,
206,,,,,,,,,,,
207,,,,,,,,,,,
208,,,,,,,,,,,
209,,,,,,,,,,,
210,7.752853091217796e-05,-0.0019443284414192036,-0.002311256341321949,0.0008566874521078698,-0.0031328332130659154,-9.761658007246818e-05,-0.00757395447620492,0.20437756090651002,-0.012829501395142178,1.1069359435292991,-0.000840708464517435
211,,,,,,,,,,,
212,0.007059633846544405,0.07397070473725005,-0.17419260462916272,-0.22151827289624437,0.07361181244569133,0.24657259412101662,-0.09832410928024289,3.579029865773872,0.011970697141021846,1.7719141705732695,0.2463123615058099
213,-0.0016932133280180058,0.03093080020485409,0.054045086952739504,0.03725526650846542,0.031088945167987516,-0.008432796329405592,-0.037011454213837475,1.1487210782007242,0.02833917586580089,-0.11982392133941462,-0.007261422427297256
214,,,,,,,,,,,
215,,,,,,,,,,,
216,0.00029992504431818913,-0.266159805611047,-0.0066350989775403055,0.352745728516862,-0.26600581625050645,-0.26134927404346486,0.11205270231324643,-0.822552203529941,-0.056844631598158994,0.12976604700300468,-0.2617458370392299
217,,,,,,,,,,,
218,0.00038554288771118294,0.4624085778454254,-0.008464277329544426,-0.32050505291278675,0.4620617215938305,0.47072328977658073,0.028495341640691646,-0.6526630076734397,-0.011398872169920051,-0.6293777317115246,0.46975213850760733
219,,,,,,,,,,,
220,,,,,,,,,,,
221,,,,,,,,,,,
222,,,,,,,,,,,
223,,,,,,,,,,,
224,-0.00023827241784259354,0.007271075123838174,0.0057761648518581095,0.00046714953901531256,0.006508792107299712,0.0039333330367958535,0.003639420838937812,-0.2602367812361925,0.006504298842928504,-0.3513199487446135,0.0040306574432365
225,-0.001759238084511907,0.4512920948363942,0.05194976851942977,-0.2819554532893986,0.4509002018359101,0.39746751657598234,-0.1450343337369519,6.249084063799439,0.03689689176928853,1.3088953728001298,0.39700977733399667
226,,,,,,,,,,,
227,,,,,,,,,,,
228,,,,,,,,,,,
229,,,,,,,,,,,
230,0.0006236819493022323,0.06514327227464145,-0.023572098568558457,-0.07975560240663358,0.06502526506103094,0.08538194115482814,0.16663293041365523,-0.9592147294585756,-0.030912270751436034,-0.8931804245538172,0.084830401202499
231,,,,,,,,,,,
232,,,,,,,,,,,
233,,,,,,,,,,,
234,,,,,,,,,,,
235,,,,,,,,,,,
236,-0.00041151094477543364,0.02097113712198558,0.00954376609408758,-0.007160306399280935,0.02134953071100187,0.012239551753094689,0.0032804907729380916,-0.023239412835518954,-0.005605932613974032,0.3459512765059875,0.011978981103675835
237,,,,,,,,,,,
238,,,,,,,,,,,
239,,,,,,,,,,,
240,,,,,,,,,,,
241,,,,,,,,,,,
242,0.014158490106439442,-0.21602811070177305,-0.36303024065652295,-0.1757972721154093,-0.21581939628613583,0.14620823097148603,-0.024965146673769967,0.07184944780286522,0.014467144708655674,0.25600486872309486,0.1451738461100564
243,,,,,,,,,,,
244,,,,,,,,,,,
245,,,,,,,,,,,
246,-0.0007851390994244378,0.030351921787280856,0.022596726199454922,-0.012342141020197478,0.030485259588410467,0.012997013098696292,0.009179258844266742,-0.04878188362439823,-0.00048529661805970863,0.10146002643114685,0.013706200182114655
247,-3.7205521262369715e-05,-0.32394308462487287,0.0025158949998540054,0.48405650136776307,-0.32417917091388815,-0.32630070713060255,-0.015531800850812733,1.2785956298901444,0.015097376855684632,0.7530502612621534,-0.32544983482697615
248,4.099963051390751e-06,0.001022569366066077,0.0013994754469346042,-0.0013129115316305874,0.0006950572242799343,0.0006150632345154109,0.002620088306074569,0.002762191167248689,-0.0024236199185341243,-0.0991804172157305,-0.0003348646903681953
249,,,,,,,,,,,
250,,,,,,,,,,,
251,,,,,,,,,,,
252,-0.0015078789690884755,-0.015332865950767504,0.04087078118042138,0.04833395781556929,-0.015834009304856032,-0.0436754512645978,-0.16005641902797907,11.877785408130793,0.06862862825724554,3.9860748789705767,-0.04264369923595588
253,,,,,,,,,,,
254,-3.1647552165559034e-05,0.00018307191323397538,0.00039341685339887306,0.0011605101439850986,4.3769618818037564e-05,-0.0010254042278047223,0.011656254289925642,-0.23860360490558288,0.012493138795417812,-0.48996987208201304,-0.00043693713163878546
255,,,,,,,,,,,
256,-0.0011133243727827016,-0.010938612487618026,0.002886681388247851,0.006285555190930906,-0.01022990622569941,-0.009097927464752222,0.007980904158049754,0.18732077517098794,0.010056988926288894,-0.30635097885727247,-0.008160014264161013
257,0.00018350065556182486,-0.004462822003812049,-0.0006381179735680083,0.007120808241079818,-0.004100237140046957,-0.005037696517767636,-0.0036723293349804403,0.09396219703488704,0.0005278225490570425,0.19038854504269406,-0.0046111514540450324
258,,,,,,,,,,,
259,,,,,,,,,,,
260,,,,,,,,,,,
261,,,,,,,,,,,
262,,,,,,,,,,,
263,,,,,,,,,,,
264,,,,,,,,,,,
265,0.005005759422966037,0.15658286885216194,-0.12203157008700644,-0.23161655604196296,0.1565516281119168,0.27725398999867035,-0.08170718366695641,3.2773763914794967,0.020821236635782534,0.6230861301208762,0.2775167396682366
266,,,,,,,,,,,
267,,,,,,,,,,,
268,,,,,,,,,,,
269,,,,,,,,,,,
270,,,,,,,,,,,
271,,,,,,,,,,,
272,,,,,,,,,,,
273,,,,,,,,,,,
274,,,,,,,,,,,
275,,,,,,,,,,,
276,,,,,,,,,,,
277,,,,,,,,,,,
278,,,,,,,,,,,
279,,,,,,,,,,,
280,,,,,,,,,,,
281,,,,,,,,,,,
282,,,,,,,,,,,
283,,,,,,,,,,,
284,0.0005330108134540691,0.4545070123171977,-0.013994627904334141,-0.32153872495009844,0.45431119195226677,0.46849248244599184,0.021128040901378688,-0.6078079431978942,-0.007152793093472664,-0.6814325777913424,0.4687869523607155
285,,,,,,,,,,,
286,,,,,,,,,,,
287,,,,,,,,,,,
288,-0.015566983394125744,0.4432875495266824,0.6750005443668907,0.16680111519011756,0.44345310506573216,-0.08416724519313347,0.009952267230453057,0.00360963514492571,-0.00871780918508073,0.3888181145441627,-0.08431258542234242
289,,,,,,,,,,,
290,,,,,,,,,,,
291,-0.005678671377244638,0.24050020654287518,0.1946429139955078,-0.030848364276178958,0.24066314178464926,0.06843903323317627,-0.02572477832132033,0.4510343817732446,0.00803669872620399,0.28273848141991564,0.06834775371636885
292,,,,,,,,,,,
293,,,,,,,,,,,
294,,,,,,,,,,,
295,-0.005847052608401845,-0.141777674322646,0.1847010855550663,0.38605646922761844,-0.14244918265197362,-0.2459641660415131,-0.015840992232427926,1.0148123175992294,-0.006479031303208499,4.316343259755741,-0.24545885153107455
296,,,,,,,,,,,
297,,,,,,,,,,,
298,,,,,,,,,,,
299,-0.00582471056671132,0.2578085530113413,0.20811257086126989,-0.031767878235626844,0.2579618287713263,0.06911202906830666,-0.019186194626877456,0.5388332049952677,0.010666930448359388,0.03249513343973825,0.06904890506163279
300,,,,,,,,,,,
301,,,,,,,,,,,
302,,,,,,,,,,,
303,0.000970629232950855,-0.03311858846229763,-0.020586603115939055,0.017377493234094654,-0.03340909360752915,-0.019884892012988393,0.005888309577792469,0.07496438391452347,-0.01790318692926396,1.1851695410948433,-0.019962319918534206
304,0.0015817185954173731,0.39254550605049626,-0.046614466461554795,-0.3117666044010281,0.3922361712180393,0.4407946667985906,0.018543157184785598,-0.5776263834862826,-0.0004735094740297545,-0.7924549384574102,0.44158913302067826
305,,,,,,,,,,,
306,0.015722601460420753,-0.29662769646266757,-0.40487934516983587,-0.16861089231678292,-0.29665642983496854,0.1073793037916439,-0.007823572004925242,-0.20815083229634632,-0.0003129848858420709,0.036584679013519306,0.10774191590167151
307,-0.0002542535809913984,-0.3126992299093972,0.011548579210086842,0.4751809990460462,-0.31245359208909296,-0.3200812675860015,-0.024822601701344673,2.085475407615013,-0.0009141415818014584,4.412498238495036,-0.31978049615377
308,,,,,,,,,,,
309,,,,,,,,,,,
310,,,,,,,,,,,
311,,,,,,,,,,,
312,,,,,,,,,,,
313,,,,,,,,,,,
314,,,,,,,,,,,
315,,,,,,,,,,,
316,,,,,,,,,,,
317,,,,,,,,,,,
318,,,,,,,,,,,
319,,,,,,,,,,,
320,0.0002596321322192875,-0.3276855333607438,0.0029613966588696665,0.485435380678898,-0.3281063561698893,-0.32922843912626776,-0.026963902262703593,2.2479970417262387,-0.006091388077366135,4.95076851180107,-0.32968044749184283
321,0.0001199066000492249,0.008330604104529512,-0.0002058086812896236,-0.00848388781276435,0.007977250228650997,0.006873843579089674,0.012333293558209323,-0.2633628821079595,-0.010841812285786094,0.12994307692281076,0.0069746277455493486
322,,,,,,,,,,,
323,0.009876451131175046,-0.37228576765669785,-0.2537510151498865,0.18702808382284394,-0.3723793294386622,-0.20071311232429093,-0.0950938919227306,9.141964634269101,0.014885375439336324,3.327224274372013,-0.20035268587787022
324,,,,,,,,,,,
325,0.0006309744827178879,0.44125786997851474,-0.024373567961773288,-0.32025830841161645,0.4410967566521989,0.46929885678345395,0.01511105841747257,-0.6268902725909234,-0.0018207726471224487,-0.6273195467274942,0.46880840639651983
326,0.0065585118638104714,-0.201472141348296,-0.17441240907630637,0.057015141680455884,-0.20132199242128543,-0.07159004932874051,0.05486632805864757,-0.4588379897707201,-0.012130343758045387,-0.12045467939761219,-0.07121697781059602
327,,,,,,,,,,,
328,,,,,,,,,,,
329,,,,,,,,,,,
330,0.0006840557162598618,0.05688249762641607,-0.02265168599020775,-0.07138953330311212,0.056956943584833636,0.07598329567702977,0.14450990771538055,-0.923659229007344,-0.05589999286460372,-0.6079690371965627,0.07575284848388845
331,,,,,,,,,,,
332,,,,,,,,,,,
333,,,,,,,,,,,
334,-0.00017277704844503595,-0.31758120299980186,0.005290950971813083,0.476750732698968,-0.3177386719803469,-0.32112092544867865,-0.01781133835560888,1.3817014498977316,0.004631472915353841,1.887698632504089,-0.32100072963748644
335,,,,,,,,,,,
336,-0.004305904869817392,-0.17035322116861076,0.11704349801744336,0.34310738136622315,-0.17032686248992449,-0.23501234754799952,0.13181059870371947,-0.8305197339020033,-0.01064843413714342,-0.7094971456726487,-0.23518045380079622
337,-0.00024886071918306385,-0.3153835354920597,0.005595637909800768,0.47451318651931645,-0.31548854700263457,-0.31916397073421143,-0.018580727375445322,1.6684783544809567,0.014960452651521352,1.4615645147280065,-0.3190909295734793
338,,,,,,,,,,,
339,,,,,,,,,,,
340,,,,,,,,,,,
341,,,,,,,,,,,
342,0.00027498000276645246,-0.021845900381475672,-0.009019054208618777,0.006178627379904543,-0.021388398489798607,-0.013230797905401286,0.01607568890980759,-0.25723822035882643,0.013549757441540642,-0.4334336042340269,-0.01203490432785703
343,,,,,,,,,,,
344,,,,,,,,,,,
345,,,,,,,,,,,
346,-0.0005265327853642447,-0.30340832255155903,0.01704492829292642,0.47162532782691713,-0.30325058440724345,-0.3156353311211457,-0.01683569707511314,1.165555824807047,0.024277296703395214,0.5489956984409863,-0.3150723771346715
347,8.250046464822059e-06,-0.2832387639248089,-0.010698178070724025,0.3812022382366983,-0.28271474769301164,-0.27641777119007366,0.1849485243147266,-0.8599578298649684,-0.01824167196111181,-0.7793478634985931,-0.27556448078504087
348,,,,,,,,,,,
349,,,,,,,,,,,
350,,,,,,,,,,,
351,,,,,,,,,,,
352,0.006682557894058752,0.08176637015229224,-0.16788484413587157,-0.22307280757667936,0.08242118837150694,0.2494292646677658,-0.09152958608856818,2.8675113787732847,0.04365960165746154,0.04313372655034794,0.24892697846932893
353,0.0005747532150443678,-0.021806945004498427,-0.01456957766957143,0.00894801543621942,-0.021534547545814874,-0.013355166899916667,0.012035726649587554,-0.2268522395192705,0.014777377101660513,-0.5809672896202224,-0.012801296608243626
354,,,,,,,,,,,
355,-0.00043108148959105004,-0.30850743752973886,0.01510299711685337,0.47559979318152595,-0.3087053682515953,-0.3185448341610868,-0.018375866966944723,1.1925732557929687,0.011379602543568549,1.029241787798052,-0.31878432467234635
356,,,,,,,,,,,
357,,,,,,,,,,,
358,,,,,,,,,,,
359,,,,,,,,,,,
360,0.001561658522967878,0.39330306919479197,-0.040681270139926014,-0.30794093385968113,0.3931232715869237,0.4344032375263624,0.02090086283418396,-0.6322662124254204,0.010651124365373537,-0.8127916864411506,0.43365967933327076
361,0.001208161576003003,-0.045300162073168504,-0.032067380437375025,0.019483211284964896,-0.044043340769518,-0.02471644042841533,0.0024192582191425132,-0.07035905299926146,0.015864777406531215,-0.49714513456144943,-0.023730036378518313
362,,,,,,,,,,,
363,,,,,,,,,,,
364,,,,,,,,,,,
365,0.004259558845536938,-0.18470870630674702,-0.11736102651406827,0.09499185880144255,-0.18545756464091556,-0.10089135956674103,0.021048965780644253,0.13686891538404758,0.004927133310704717,-0.4198524940937857,-0.10157472506504811
366,,,,,,,,,,,
367,0.008127287489239816,0.014406315912780944,-0.20829425119067982,-0.21380017413958824,0.01460729546118296,0.22364857682099712,-0.08341265191091085,2.8261126679298387,0.035740667763913346,-0.017868399224350913,0.2229249939768817
368,,,,,,,,,,,
369,-0.0017020092318572229,-0.026532203307115414,0.047486490035915103,0.06760496536621734,-0.027384378108962933,-0.06041416081684527,-0.15695026040660803,13.266356787606785,0.037576122961735785,3.739605005850443,-0.060087839486656594
370,,,,,,,,,,,
371,,,,,,,,,,,
372,,,,,,,,,,,
373,0.0016092916176798273,-0.08256969233869983,-0.036584147330750105,0.027792222104252733,-0.08202264716312432,-0.04434520207723898,0.017227994126619826,-0.2832910899434728,0.007858619715480707,-0.5223838889189771,-0.04343671685481512
374,-0.00014312802564771704,0.0027793416572805857,0.0038017708984089283,0.0017257130359172607,0.0025323753731695295,-0.001556828039192223,0.0046887248961942195,-0.08996992690565145,0.0027692957666029965,-0.40509910467316,-0.00136132192346866
375,,,,,,,,,,,
376,,,,,,,,,,,
377,,,,,,,,,,,
378,,,,,,,,,,,
379,-0.00018673463484598059,-0.32028016161992695,0.006211080241059643,0.481727484435436,-0.3208172205829112,-0.3245382513089206,-0.0226094428438707,1.8386307868368028,0.008926139767822153,1.8031059568102674,-0.323222494603249
380,,,,,,,,,,,
381,,,,,,,,,,,
382,,,,,,,,,,,
383,0.0004120043127157979,-0.013250124957262964,-0.01173506367000903,0.004293542381378812,-0.013633745262946657,-0.005203383572506834,0.007974715897155444,-0.17522847936820454,-0.009286764657947717,0.4133678531645863,-0.005648959481155377
384,,,,,,,,,,,
385,,,,,,,,,,,
386,,,,,,,,,,,
387,,,,,,,,,,,
388,,,,,,,,,,,
389,-0.009101517752527039,0.534165033877266,0.30395058266639685,-0.148603891950171,0.5343283994216265,0.23384462156710364,0.07672101718749631,-0.8969223745922167,-0.015903527418519303,-0.7880799533634593,0.23378015021244608
390,,,,,,,,,,,
391,,,,,,,,,,,
392,,,,,,,,,,,
393,-0.00025002602495176926,0.008303306909762947,0.003832161562070843,-0.0008800159905551692,0.008406979820625922,0.0039027769721588996,-0.004241404224905017,0.04858238829303449,0.011212817269887222,-0.22694484338720536,0.0040330196172663315
394,,,,,,,,,,,
395,,,,,,,,,,,
396,,,,,,,,,,,
397,,,,,,,,,,,
398,,,,,,,,,,,
399,,,,,,,,,,,
400,,,,,,,,,,,
401,,,,,,,,,,,
402,,,,,,,,,,,
403,,,,,,,,,,,
404,,,,,,,,,,,
405,,,,,,,,,,,
406,,,,,,,,,,,
407,,,,,,,,,,,
408,,,,,,,,,,,
409,,,,,,,,,,,
410,,,,,,,,,,,
411,,,,,,,,,,,
412,0.0016531160833944097,0.38454938149202655,-0.043327467311702055,-0.30870432264733927,0.3846649953471898,0.4271363588627491,0.017557480755342903,-0.4950298550002502,0.022834002793253212,-0.7656431844136715,0.42988080243234733
413,,,,,,,,,,,
414,,,,,,,,,,,
415,,,,,,,,,,,
416,-0.00015144344338262932,0.00075860797187996,0.0054317083525115785,0.005362512278003042,0.00032134537874642003,-0.004250218869970437,0.008849687605084497,-0.11416022436234988,0.007315764177241299,-0.13163729764979482,-0.004392928859686673
417,,,,,,,,,,,
418,,,,,,,,,,,
419,,,,,,,,,,,
420,0.00022302932688212875,-0.012164066459105867,-0.004373704456926754,0.005635410645653179,-0.012599249764382859,-0.008448467514403781,-0.019759490002471562,0.7165074863022985,-0.027134555742506176,2.519433242945433,-0.008634038895456048
421,-0.00013115743774774625,-0.3223348932934672,0.0016206907460218126,0.4792021459052723,-0.32252114319774783,-0.3233309612729659,-0.02282875138242259,1.9780877572701905,-0.02009751486839174,5.236334405399974,-0.3231463593072717
422,,,,,,,,,,,
423,-0.004351899572374357,-0.15418900549507442,0.11828075031295911,0.3274254896415664,-0.15428625254306486,-0.22390935528037706,0.1078216383968792,-0.7815722447892229,-0.028371660664861034,-0.37287428032103986,-0.2238175433712622
424,,,,,,,,,,,
425,,,,,,,,,,,
426,,,,,,,,,,,
427,,,,,,,,,,,
428,,,,,,,,,,,
429,-0.0002603963933500708,0.0027049392318817473,-0.004850455351757037,-0.0046719816488452835,0.002629355065025648,0.00559779778624441,0.0031628363454004153,-0.1188245662412441,0.006668834974173813,-0.2597757290548169,0.006060902571672583
430,,,,,,,,,,,
431,,,,,,,,,,,
432,,,,,,,,,,,
433,,,,,,,,,,,
434,,,,,,,,,,,
435,,,,,,,,,,,
436,,,,,,,,,,,
437,,,,,,,,,,,
438,,,,,,,,,,,
439,0.0012327827429173663,-0.3698267956411797,-0.03487121019175323,0.5049686060702929,-0.3698285695551791,-0.3455756791662967,-0.019096420866353905,1.6184536512776473,-0.012958114575904919,4.191560141722219,-0.34574778295147185
440,,,,,,,,,,,
441,,,,,,,,,,,
442,,,,,,,,,,,
443,,,,,,,,,,,
444,,,,,,,,,,,
445,,,,,,,,,,,
446,,,,,,,,,,,
447,,,,,,,,,,,
448,,,,,,,,,,,
449,0.00043340875065787205,-0.017419734284066724,-0.009048026809500027,0.009156700474151852,-0.017184480819270667,-0.011279055991539567,-0.003971969251346644,0.18011392149334812,-0.0034231801467162395,0.32487928891715084,-0.011465024687424375
450,,,,,,,,,,,
451,,,,,,,,,,,
452,0.00043751835703645777,0.45280302893264507,-0.014169499269976512,-0.3209058849928258,0.4523567207954352,0.46732663165474564,0.020363236535733548,-0.5826409475431192,0.0006354894321728749,-0.706844982119393,0.46758641664924766
453,,,,,,,,,,,
454,,,,,,,,,,,
455,0.0007547467852926053,-0.2953748558348644,-0.03210240076303313,0.3559632127005292,-0.2951751838212124,-0.2714986072319329,0.1482772672027849,-0.8409484543598562,-0.052697426903897227,-0.11728951156049722,-0.2714633872901972
456,,,,,,,,,,,
457,-0.0022623949466794723,0.1485394966301775,0.05955037169386514,-0.07636250766472508,0.14866516114156786,0.09861406374669619,0.12884663531167445,-0.8931177833054317,-0.022574010654213647,-0.8768308222482483,0.09880854064494833
458,,,,,,,,,,,
459,0.00042030146805699647,0.4570682568814938,-0.010768095259521018,-0.31978136380486366,0.45723175928584164,0.46782359749062363,0.0202328285180329,-0.6098687286127292,0.0027870167673121034,-0.7974280633464452,0.46715198279940695
460,-0.0006405280154971511,0.021640083038458,0.016350742265343648,-0.010834830293811902,0.021321213282626626,0.01081879609456728,-0.005891854469967719,0.12122512485624513,-0.007989620406654603,0.6775611169180296,0.01061377241772636
461,,,,,,,,,,,
462,,,,,,,,,,,
463,,,,,,,,,,,
464,,,,,,,,,,,
465,,,,,,,,,,,
466,0.00028748193115295316,-0.008139987326073463,-0.005852806182738706,0.002836537150929103,-0.007823866719593155,-0.004554626617003239,0.005096608703724325,-0.12993802606784305,-0.009822362083307062,0.5883370962900439,-0.004520191822922221
467,5.133460755823464e-05,-0.325359657019676,0.0022777685866086496,0.48116158375153134,-0.32524861040079533,-0.326776874196567,-0.025571155473660536,2.20245627932072,-0.004691959159652806,5.135604396405067,-0.32625818170986237
468,,,,,,,,,,,
469,,,,,,,,,,,
470,-0.010525982865645541,0.6486290130897164,0.36662437374141127,-0.16920145441824455,0.6485482056526399,0.2675565031869084,0.07760459684357059,-0.8622773253584286,-0.016118879758931847,-0.5005364045463503,0.26698236672446346
471,,,,,,,,,,,
472,,,,,,,,,,,
473,,,,,,,,,,,
474,,,,,,,,,,,
475,,,,,,,,,,,
476,,,,,,,,,,,
477,,,,,,,,,,,
478,,,,,,,,,,,
479,,,,,,,,,,,
480,,,,,,,,,,,
481,,,,,,,,,,,
482,0.0007465053659361232,-0.027698931939578283,-0.017059971530163608,0.010987969112485575,-0.026070300579412477,-0.01657220924475275,-0.0031570080077283906,0.0991388897652053,0.0013018644865950835,-0.12336433245707246,-0.016709207295974714
483,,,,,,,,,,,
484,,,,,,,,,,,
485,-0.000668655698114711,0.4429819588332341,0.03077123942747182,-0.2892848417287099,0.4432857624115839,0.4080929636046564,-0.1310150956982404,4.442717425537542,0.02834085179673495,0.9440201524308888,0.4082436696614177
486,-0.0007924111919130471,-0.02478152530796317,0.032014864997307574,0.05000313169908773,-0.025733763118977074,-0.04939772888755281,-0.15544560463803278,11.56186361542384,0.029428581004444277,5.79604225339659,-0.049415036092452014
487,,,,,,,,,,,
488,,,,,,,,,,,
489,0.00077588651872071,0.031821540366087045,-0.028055249447106807,-0.053809275607412665,0.0323562794098588,0.055251288136743036,0.17932221774576382,-0.9472707706315622,-0.02900888912326452,-0.9328887095755788,0.05424647715053296
490,0.0005489537066340926,-0.34343831853053114,-0.011683530224627682,0.49526992235605005,-0.34326481224003574,-0.336141511093619,-0.0012384770498097414,0.7773617526976373,0.009748859669097448,0.6339874946518024,-0.33573119017290426
491,,,,,,,,,,,
492,0.0006287443173000472,-0.03549618240745837,-0.01783695063688874,0.010506312561054006,-0.0352894088122028,-0.01721260449086459,-9.775511774673753e-05,-0.008227444114292978,-0.009664103871227417,0.18788091851186708,-0.017870561662130382
493,0.00039179640370489734,0.45367240603874315,-0.011410477437219076,-0.319839028412873,0.45359852946321,0.4651571799827669,0.018942681226715746,-0.5857476186825216,0.010535818547933434,-0.8121498918376399,0.46538085477363866
494,,,,,,,,,,,
495,0.009484176984749,-0.013657097754488676,-0.23906449033866026,-0.21291162575608824,-0.013835366827833154,0.22361824545310918,-0.06486569222757738,1.5043177768588452,0.01522682304306967,0.28968586513715333,0.2229067561321456
496,,,,,,,,,,,
497,0.007354255746047882,-0.25930255976355476,-0.18145756296507276,0.12513371081225372,-0.25972404142801947,-0.13890845720894598,-0.09230463823688141,5.288929435981657,0.009409058009342906,4.3909035999104535,-0.1389603135955509
498,,,,,,,,,,,
499,,,,,,,,,,,
500,,,,,,,,,,,
501,-0.00044909137293275015,0.503145642420335,0.01599604845363358,-0.32648338461453213,0.5036252036435053,0.48545339536196164,0.012445632965992472,-0.5505161173616998,-0.0012774978902924264,-0.4895023105831515,0.4854884076204316
502,,,,,,,,,,,
503,,,,,,,,,,,
504,,,,,,,,,,,
505,,,,,,,,,,,
506,-0.0010317495769698209,0.5222387834083138,0.02438565934072887,-0.33096000256843316,0.5232767045139679,0.49992016485971325,0.02022257436800623,-0.5400941678263168,0.008993119102222526,-0.7399605918320592,0.499193214775563
507,,,,,,,,,,,
508,,,,,,,,,,,
509,0.0004003865776379202,-0.014077081611280547,-0.007176765428678168,0.009914291867959661,-0.013727211757411293,-0.0110660314677565,0.006675940230245608,-0.2438802962556838,0.01115130572408597,-0.5367348867791897,-0.010382598858743729
510,0.0014445395090613101,-0.12230908154562796,-0.029869026238038447,0.10875999774736343,-0.12411840099662205,-0.10399390724653196,-0.1265718922143298,11.729197144366806,0.040563347914872316,2.100525645941062,-0.10363392206476137
511,,,,,,,,,,,
512,,,,,,,,,,,
513,,,,,,,,,,,
514,,,,,,,,,,,
515,-0.00012810188122227455,-0.28528170994940677,-0.00355022215517216,0.3963596490580916,-0.28552620994150324,-0.2823836634835005,0.1671826732353811,-0.8250182103139818,-0.02074439417862341,-0.7169318117850969,-0.28258414046814656
516,,,,,,,,,,,
517,,,,,,,,,,,
518,,,,,,,,,,,
519,,,,,,,,,,,
520,0.013294066799250248,-0.1657172586339439,-0.3400273431248618,-0.19147504671872462,-0.16557520110421062,0.1725089705123467,-0.027655715049663514,0.1785042981314043,-0.004021936622416407,0.5781082370498212,0.17253654535593743
521,,,,,,,,,,,
522,,,,,,,,,,,
523,,,,,,,,,,,
524,-0.0007679302669316712,-0.29512720699767225,0.022220143369702402,0.4643171053141388,-0.29517064859688263,-0.31033858708004947,-0.02349572716252032,1.9358806385579346,-0.023856756285053297,6.207757462404403,-0.310322207773246
525,0.000177797366279288,0.46889164166661695,-0.005732916807577553,-0.3210089108336857,0.4685190143541591,0.47433422113154267,0.023532937392392737,-0.6808688732024629,0.002702602189863358,-0.7764131914822016,0.47386580292150154
526,,,,,,,,,,,
527,,,,,,,,,,,
528,,,,,,,,,,,
529,,,,,,,,,,,
530,,,,,,,,,,,
531,-0.0072063585413398665,0.2865597227515901,0.2500215166538196,-0.02264015923461718,0.2877494790075419,0.07285585971276243,-0.03995705606581449,1.0303009075677667,0.013388056280260782,-0.030501136663322898,0.07326761664982324
532,3.474848161528448e-05,0.0010543625597493095,-0.0005592356258348774,-0.0025852670829341084,0.0011824650594277244,0.002999879150687377,0.0007137870064934664,0.09276775255117038,-0.008483271138618314,0.29333167496404955,0.0024751423141303156
533,,,,,,,,,,,
534,0.007063199583931032,-0.28401854775243984,-0.17597307493292177,0.1595460050225003,-0.28354864002762514,-0.16653213328804292,-0.09910049059101626,10.367830323421593,0.007971069283595715,6.746175348146469,-0.1659578674764979
535,,,,,,,,,,,
536,,,,,,,,,,,
537,-0.0025884231950099616,0.15998449678174992,0.060688610059707764,-0.0792598656977676,0.16001909144530907,0.11243157148707213,0.17601705529151293,-0.9155717593522045,-0.044849031325662425,-0.6905472381074031,0.1121267348332358
538,,,,,,,,,,,
539,,,,,,,,,,,
543,,,,,,,,,,,
544,,,,,,,,,,,
545,,,,,,,,,,,
548,,,,,,,,,,,
552,,,,,,,,,,,
556,,,,,,,,,,,
557,,,,,,,,,,,
563,,,,,,,,,,,
564,,,,,,,,,,,
569,,,,,,,,,,,
576,,,,,,,,,,,
579,,,,,,,,,,,
583,,,,,,,,,,,
584,,,,,,,,,,,
585,,,,,,,,,,,
587,,,,,,,,,,,
597,,,,,,,,,,,
602,,,,,,,,,,,
608,,,,,,,,,,,
614,,,,,,,,,,,
619,,,,,,,,,,,
621,,,,,,,,,,,
626,,,,,,,,,,,
628,,,,,,,,,,,
629,,,,,,,,,,,
631,,,,,,,,,,,
637,,,,,,,,,,,
640,,,,,,,,,,,
641,,,,,,,,,,,
651,,,,,,,,,,,
653,,,,,,,,,,,
659,,,,,,,,,,,
661,,,,,,,,,,,
664,,,,,,,,,,,
665,,,,,,,,,,,
668,,,,,,,,,,,
669,,,,,,,,,,,
674,,,,,,,,,,,
678,,,,,,,,,,,
679,,,,,,,,,,,
680,,,,,,,,,,,
690,,,,,,,,,,,
691,,,,,,,,,,,
692,,,,,,,,,,,
694,,,,,,,,,,,
700,,,,,,,,,,,
704,,,,,,,,,,,
706,,,,,,,,,,,
710,,,,,,,,,,,
713,,,,,,,,,,,
716,,,,,,,,,,,
719,,,,,,,,,,,
720,,,,,,,,,,,
721,,,,,,,,,,,
722,,,,,,,,,,,
723,,,,,,,,,,,
730,,,,,,,,,,,
731,,,,,,,,,,,
735,,,,,,,,,,,
739,,,,,,,,,,,
742,,,,,,,,,,,
743,,,,,,,,,,,
744,,,,,,,,,,,
745,,,,,,,,,,,
748,,,,,,,,,,,
753,,,,,,,,,,,
756,,,,,,,,,,,
757,,,,,,,,,,,
765,,,,,,,,,,,
767,,,,,,,,,,,
769,,,,,,,,,,,
770,,,,,,,,,,,
773,,,,,,,,,,,
774,,,,,,,,,,,
775,,,,,,,,,,,
776,,,,,,,,,,,
778,,,,,,,,,,,
779,,,,,,,,,,,
781,,,,,,,,,,,
784,,,,,,,,,,,
790,,,,,,,,,,,
792,,,,,,,,,,,
794,,,,,,,,,,,
799,,,,,,,,,,,
801,,,,,,,,,,,
805,,,,,,,,,,,
814,,,,,,,,,,,
816,,,,,,,,,,,
817,,,,,,,,,,,
821,,,,,,,,,,,
822,,,,,,,,,,,
823,,,,,,,,,,,
829,,,,,,,,,,,
832,,,,,,,,,,,
834,,,,,,,,,,,
836,,,,,,,,,,,
840,,,,,,,,,,,
841,,,,,,,,,,,
845,,,,,,,,,,,
847,,,,,,,,,,,
848,,,,,,,,,,,
853,,,,,,,,,,,
856,,,,,,,,,,,
857,,,,,,,,,,,
859,,,,,,,,,,,
864,,,,,,,,,,,
868,,,,,,,,,,,
869,,,,,,,,,,,
870,,,,,,,,,,,
873,,,,,,,,,,,
876,,,,,,,,,,,
877,,,,,,,,,,,
887,,,,,,,,,,,
894,,,,,,,,,,,
898,,,,,,,,,,,
899,,,,,,,,,,,
903,,,,,,,,,,,
909,,,,,,,,,,,
910,,,,,,,,,,,
915,,,,,,,,,,,
917,,,,,,,,,,,
925,,,,,,,,,,,
930,,,,,,,,,,,
933,,,,,,,,,,,
941,,,,,,,,,,,
942,,,,,,,,,,,
949,,,,,,,,,,,
952,,,,,,,,,,,
955,,,,,,,,,,,
956,,,,,,,,,,,
962,,,,,,,,,,,
963,,,,,,,,,,,
969,,,,,,,,,,,
970,,,,,,,,,,,
974,,,,,,,,,,,
976,,,,,,,,,,,
980,,,,,,,,,,,
985,,,,,,,,,,,
986,,,,,,,,,,,
987,,,,,,,,,,,
991,,,,,,,,,,,
994,,,,,,,,,,,
1001,,,,,,,,,,,
1009,,,,,,,,,,,
1016,,,,,,,,,,,
1020,,,,,,,,,,,
1024,,,,,,,,,,,
1027,,,,,,,,,,,
1032,,,,,,,,,,,
1042,,,,,,,,,,,
1047,,,,,,,,,,,
1048,,,,,,,,,,,
1051,,,,,,,,,,,
1052,,,,,,,,,,,
1053,,,,,,,,,,,
1055,,,,,,,,,,,
1058,,,,,,,,,,,
1059,,,,,,,,,,,
1073,,,,,,,,,,,
1075,,,,,,,,,,,
1079,,,,,,,,,,,
1080,,,,,,,,,,,
1082,,,,,,,,,,,
1083,,,,,,,,,,,
1097,,,,,,,,,,,
1101,,,,,,,,,,,
1102,,,,,,,,,,,
1106,,,,,,,,,,,
1107,,,,,,,,,,,
1114,,,,,,,,,,,
1117,,,,,,,,,,,
1122,,,,,,,,,,,
1125,,,,,,,,,,,
1128,,,,,,,,,,,
1130,,,,,,,,,,,
1133,,,,,,,,,,,
1137,,,,,,,,,,,
1138,,,,,,,,,,,
1140,,,,,,,,,,,
1145,,,,,,,,,,,
1147,,,,,,,,,,,
1154,,,,,,,,,,,
1158,,,,,,,,,,,
1159,,,,,,,,,,,
1160,,,,,,,,,,,
1165,,,,,,,,,,,
1166,,,,,,,,,,,
1168,,,,,,,,,,,
1169,,,,,,,,,,,
1175,,,,,,,,,,,
1179,,,,,,,,,,,
1181,,,,,,,,,,,
1182,,,,,,,,,,,
1184,,,,,,,,,,,
1188,,,,,,,,,,,
1190,,,,,,,,,,,
1193,,,,,,,,,,,
1197,,,,,,,,,,,
1198,,,,,,,,,,,
1200,,,,,,,,,,,
1201,,,,,,,,,,,
1208,,,,,,,,,,,
1209,,,,,,,,,,,
1218,,,,,,,,,,,
1220,,,,,,,,,,,
1221,,,,,,,,,,,
1222,,,,,,,,,,,
1223,,,,,,,,,,,
1227,,,,,,,,,,,
1229,,,,,,,,,,,
1238,,,,,,,,,,,
1240,,,,,,,,,,,
1241,,,,,,,,,,,
1242,,,,,,,,,,,
1243,,,,,,,,,,,
1245,,,,,,,,,,,
1249,,,,,,,,,,,
1250,,,,,,,,,,,
1251,,,,,,,,,,,
1253,,,,,,,,,,,
1254,,,,,,,,,,,
1255,,,,,,,,,,,
1256,,,,,,,,,,,
1257,,,,,,,,,,,
1258,,,,,,,,,,,
1262,,,,,,,,,,,
1263,,,,,,,,,,,
1272,,,,,,,,,,,
1277,,,,,,,,,,,
1281,,,,,,,,,,,
1282,,,,,,,,,,,
1283,,,,,,,,,,,
1284,,,,,,,,,,,
1293,,,,,,,,,,,
1294,,,,,,,,,,,
1296,,,,,,,,,,,
1298,,,,,,,,,,,
1302,,,,,,,,,,,
1304,,,,,,,,,,,
1305,,,,,,,,,,,
1307,,,,,,,,,,,
1311,,,,,,,,,,,
1312,,,,,,,,,,,
1313,,,,,,,,,,,
1319,,,,,,,,,,,
1321,,,,,,,,,,,
1328,,,,,,,,,,,
1329,,,,,,,,,,,
1335,,,,,,,,,,,
1336,,,,,,,,,,,
1342,,,,,,,,,,,
1346,,,,,,,,,,,
1347,,,,,,,,,,,
1348,,,,,,,,,,,
1352,,,,,,,,,,,
1355,,,,,,,,,,,
1357,,,,,,,,,,,
1358,,,,,,,,,,,
1360,,,,,,,,,,,
1362,,,,,,,,,,,
1372,,,,,,,,,,,
1375,,,,,,,,,,,
1381,,,,,,,,,,,
1384,,,,,,,,,,,
1386,,,,,,,,,,,
1387,,,,,,,,,,,
1388,,,,,,,,,,,
1389,,,,,,,,,,,
1391,,,,,,,,,,,
1396,,,,,,,,,,,
1397,,,,,,,,,,,
1398,,,,,,,,,,,
1399,,,,,,,,,,,
1402,,,,,,,,,,,
1405,,,,,,,,,,,
1406,,,,,,,,,,,
1412,,,,,,,,,,,
1413,,,,,,,,,,,
1420,,,,,,,,,,,
1430,,,,,,,,,,,
1432,,,,,,,,,,,
1448,,,,,,,,,,,
1449,,,,,,,,,,,
1456,,,,,,,,,,,
1461,,,,,,,,,,,
1462,,,,,,,,,,,
1471,,,,,,,,,,,
1473,,,,,,,,,,,
1474,,,,,,,,,,,
1480,,,,,,,,,,,
1483,,,,,,,,,,,
1489,,,,,,,,,,,
1490,,,,,,,,,,,
1495,,,,,,,,,,,
1499,,,,,,,,,,,
1503,,,,,,,,,,,
1508,,,,,,,,,,,
1510,,,,,,,,,,,
1511,,,,,,,,,,,
1513,,,,,,,,,,,
1517,,,,,,,,,,,
1520,,,,,,,,,,,
1525,,,,,,,,,,,
1529,,,,,,,,,,,
1532,,,,,,,,,,,
1533,,,,,,,,,,,
1534,,,,,,,,,,,
1536,,,,,,,,,,,
1537,,,,,,,,,,,
1538,,,,,,,,,,,
1539,,,,,,,,,,,
1541,,,,,,,,,,,
1548,,,,,,,,,,,
1553,,,,,,,,,,,
1555,,,,,,,,,,,
1557,,,,,,,,,,,
1565,,,,,,,,,,,
1567,,,,,,,,,,,
1569,,,,,,,,,,,
1571,,,,,,,,,,,
1573,,,,,,,,,,,
1585,,,,,,,,,,,
1589,,,,,,,,,,,
1590,,,,,,,,,,,
1596,,,,,,,,,,,
1597,,,,,,,,,,,
1605,,,,,,,,,,,
1612,,,,,,,,,,,
1617,,,,,,,,,,,
1618,,,,,,,,,,,
1619,,,,,,,,,,,
1620,,,,,,,,,,,
1621,,,,,,,,,,,
1626,,,,,,,,,,,
1628,,,,,,,,,,,
1634,,,,,,,,,,,
1636,,,,,,,,,,,
1637,,,,,,,,,,,
1642,,,,,,,,,,,
1647,,,,,,,,,,,
1651,,,,,,,,,,,
1655,,,,,,,,,,,
1656,,,,,,,,,,,
1658,,,,,,,,,,,
1659,,,,,,,,,,,
1664,,,,,,,,,,,
1669,,,,,,,,,,,
1671,,,,,,,,,,,
1674,,,,,,,,,,,
1677,,,,,,,,,,,
1679,,,,,,,,,,,
1683,,,,,,,,,,,
1693,,,,,,,,,,,
1699,,,,,,,,,,,
1701,,,,,,,,,,,
1703,,,,,,,,,,,
1704,,,,,,,,,,,
1708,,,,,,,,,,,
1709,,,,,,,,,,,
1723,,,,,,,,,,,
1731,,,,,,,,,,,
1732,,,,,,,,,,,
1733,,,,,,,,,,,
1739,,,,,,,,,,,
1740,,,,,,,,,,,
1749,,,,,,,,,,,
1751,,,,,,,,,,,
1755,,,,,,,,,,,
1762,,,,,,,,,,,
1764,,,,,,,,,,,
1775,,,,,,,,,,,
1777,,,,,,,,,,,
1778,,,,,,,,,,,
1783,,,,,,,,,,,
1785,,,,,,,,,,,
1797,,,,,,,,,,,
