Configuration,ACYC,AFREQ,C0res%,C10res%,C1res%,C2res%,C3res%,C3res%,C6res%,C6res%,C7res%,C7res%,C8res%,C9res%,EXEC,FREQ,INST,INSTnom,INSTnom%,IPC,L2HIT,L2MISS,L2MPI,L3HIT,L3MISS,L3MPI,PhysIPC,PhysIPC%,Proc Energy (Joules),READ,TIME(ticks),WRITE,SLOWDOWN
num-800000,1100000,1.01,97.4,0,2.64,0,0,0,0,0,0,0,0,0,1.27,0.982,1420000,2.55,63.7,1.3,0.655,525,0.000369,0.669,168,0.000118,2.6,64.9,2190,123,139000,133,1.4105874578
num-800000,1160000,1.01,99.5,0,0.531,0,0,0,0,0,0,0,0,0,1.2,1,1390000,2.39,59.9,1.2,0.652,628,0.000452,0.484,308,0.000222,2.39,59.9,2260,162,145000,229,1.4678085958
num-800000,872000,1.01,85.5,0,14.1,0,0,0,0,0,0,0,0,0,1.05,0.863,1060000,2.1,52.6,1.22,0.696,454,0.000427,0.486,218,0.000205,2.44,60.9,1890,142,126000,239,1.2823616517
num-800000,1170000,1.01,99.8,0,0.18,0,0,0,0,0,0,0,0,0,1.18,1.01,1380000,2.36,59,1.17,0.676,552,0.000401,0.492,264,0.000192,2.35,58.7,2260,158,146000,259,1.4767103496
num-800000,1030000,1.01,94.5,0,5.47,0,0,0,0,0,0,0,0,0,1.15,0.954,1250000,2.31,57.7,1.21,0.656,533,0.000426,0.449,277,0.000221,2.42,60.5,2110,145,136000,230,1.3742451766
num-800000,1080000,1.01,96.9,0,3.05,0,0,0,0,0,0,0,0,0,1.26,0.978,1400000,2.53,63.1,1.29,0.693,518,0.000371,0.593,204,0.000146,2.58,64.5,2180,135,138000,150,1.4004888276
num-800000,653000,1.01,66.4,0,32.6,0,0,0,0,0,0,0,0,0,0.794,0.672,772000,1.59,39.7,1.18,0.687,737,0.000955,0.631,234,0.000304,2.37,59.1,1620,185,121000,186,1.2305311222
num-800000,1180000,0.941,99.8,0,0.186,0,0,0,0,0,0,0,0,0,1.08,0.939,1360000,2.16,54.1,1.15,0.673,557,0.000409,0.412,305,0.000224,2.3,57.6,2050,169,157000,297,1.5947932758
num-800000,1110000,1.01,96.1,0,3.77,0,0,0,0,0,0,0,0,0,0.944,0.97,1080000,1.89,47.2,0.973,0.711,1070,0.000989,0.584,371,0.000345,1.95,48.7,2170,295,143000,318,1.442962815
num-800000,1170000,0.961,99.8,0,0.241,0,0,0,0,0,0,0,0,0,1.1,0.959,1340000,2.2,55,1.15,0.661,606,0.000452,0.416,333,0.000248,2.3,57.4,2120,174,152000,288,1.5439115895
num-800000,1120000,0.96,96.7,0,3.25,0,0,0,0,0,0,0,0,0,0.965,0.928,1160000,1.93,48.3,1.04,0.67,803,0.000693,0.432,427,0.000368,2.08,52,2020,220,150000,333,1.523283495
num-800000,1180000,0.941,99.8,0,0.179,0,0,0,0,0,0,0,0,0,1.14,0.939,1440000,2.29,57.2,1.22,0.67,471,0.000327,0.468,236,0.000164,2.44,60.9,2090,145,157000,244,1.5940770824
num-800000,1130000,1.01,98.5,0,1.53,0,0,0,0,0,0,0,0,0,1.22,0.992,1390000,2.44,60.9,1.23,0.698,718,0.000517,0.604,262,0.000188,2.46,61.5,2240,176,142000,174,1.4410479158
num-800000,1180000,1.01,99.6,0,0.366,0,0,0,0,0,0,0,0,0,1.03,1.01,1210000,2.06,51.6,1.02,0.702,964,0.0008,0.518,412,0.000342,2.05,51.1,2280,275,146000,315,1.4800178531
num-800000,921000,1.01,87.2,0,12.7,0,0,0,0,0,0,0,0,0,0.962,0.879,1010000,1.92,48.1,1.1,0.687,787,0.000779,0.538,331,0.000328,2.19,54.8,1960,211,131000,278,1.3263107392
num-800000,1170000,0.961,99.7,0,0.275,0,0,0,0,0,0,0,0,0,1.08,0.959,1320000,2.16,54,1.13,0.655,679,0.000516,0.498,317,0.000241,2.25,56.3,2100,186,152000,291,1.5433445395
num-800000,812000,0.961,79.2,0,20.6,0,0,0,0,0,0,0,0,0,0.778,0.761,831000,1.56,38.9,1.02,0.699,853,0.00103,0.526,365,0.00044,2.05,51.1,1700,234,133000,289,1.356645715
num-800000,1180000,0.962,99.5,0,0.511,0,0,0,0,0,0,0,0,0,1.11,0.957,1360000,2.21,55.4,1.16,0.699,995,0.000731,0.646,301,0.000221,2.31,57.9,2170,237,154000,201,1.5556531719
num-800000,1050000,1.03,94.7,0,5.16,0,0,0,0,0,0,0,0,0,1.2,0.975,1280000,2.39,59.8,1.23,0.715,681,0.000531,0.654,218,0.00017,2.45,61.3,2240,166,134000,180,1.355865684
num-800000,935000,0.957,89.5,0,10.5,0,0,0,0,0,0,0,0,0,1.05,0.857,1140000,2.09,52.3,1.22,0.649,640,0.00056,0.562,256,0.000224,2.44,61,1870,169,136000,236,1.3814146904
num-1000000,1410000,1.01,98.4,0,1.56,0,0,0,0,0,0,0,0,0,1.13,0.993,1590000,2.25,56.3,1.13,0.679,1020,0.000639,0.531,444,0.000278,2.27,56.7,2770,271,177000,318,1.4378627385
num-1000000,1400000,1.01,96.7,0,3.29,0,0,0,0,0,0,0,0,0,1.02,0.975,1470000,2.04,50.9,1.04,0.666,1010,0.000692,0.434,534,0.000364,2.09,52.2,2720,276,180000,417,1.4653222614
num-1000000,1350000,1.01,96.9,0,3.09,0,0,0,0,0,0,0,0,0,1.26,0.977,1740000,2.52,63,1.29,0.696,646,0.000371,0.588,255,0.000146,2.58,64.4,2720,173,173000,189,1.4040728861
num-1000000,555000,1.01,50.1,0,44.8,0,0,0,0,0,0,0,0,0,0.746,0.505,820000,1.49,37.3,1.48,0.658,503,0.000613,0.617,181,0.000221,2.95,73.9,1660,133,137000,166,1.1237752334
num-1000000,1380000,1.01,97.5,0,2.53,0,0,0,0,0,0,0,0,0,1.05,0.985,1480000,2.11,52.6,1.07,0.646,895,0.000605,0.503,408,0.000276,2.14,53.4,2720,243,176000,427,1.4272235143
num-1000000,1430000,1.01,99.2,0,0.763,0,0,0,0,0,0,0,0,0,1.15,1,1650000,2.31,57.6,1.15,0.702,1190,0.000722,0.635,369,0.000224,2.3,57.6,2820,285,179000,249,1.4533302908
num-1000000,967000,1.01,79.2,0,20.7,0,0,0,0,0,0,0,0,0,1.13,0.802,1370000,2.27,56.7,1.41,0.661,657,0.00048,0.63,219,0.00016,2.83,70.7,2290,166,151000,174,1.2249608909
num-1000000,1440000,1.02,99.8,0,0.169,0,0,0,0,0,0,0,0,0,1.35,1.02,1920000,2.7,67.6,1.33,0.672,437,0.000227,0.613,164,0.0000854,2.66,66.5,2900,122,177000,140,1.4424679756
num-1000000,1070000,1.01,82.1,0,17.8,0,0,0,0,0,0,0,0,0,0.759,0.829,978000,1.52,37.9,0.915,0.664,1030,0.00105,0.514,448,0.000458,1.83,45.7,2230,273,161000,419,1.3104929611
num-1000000,1190000,1.01,90.1,0,9.55,0,0,0,0,0,0,0,0,0,0.921,0.911,1200000,1.84,46,1.01,0.67,938,0.000782,0.415,509,0.000424,2.02,50.5,2400,259,163000,401,1.3243889467
num-1000000,1360000,1.01,96.7,0,3.22,0,0,0,0,0,0,0,0,0,1.01,0.978,1410000,2.03,50.7,1.04,0.677,1000,0.00071,0.449,509,0.00036,2.07,51.9,2660,276,174000,400,1.4165408037
num-1000000,887000,1.01,72.2,0,27.2,0,0,0,0,0,0,0,0,0,0.802,0.732,972000,1.6,40.1,1.1,0.695,848,0.000872,0.509,382,0.000393,2.19,54.8,2120,243,151000,329,1.2352086646
num-1000000,874000,1.01,74.5,0,25.4,0,0,0,0,0,0,0,0,0,1.14,0.752,1330000,2.29,57.2,1.52,0.66,491,0.000369,0.598,185,0.000139,3.04,76.1,2170,128,145000,149,1.1809110129
num-1000000,1410000,1.01,99.6,0,0.423,0,0,0,0,0,0,0,0,0,1.33,1,1870000,2.65,66.3,1.32,0.672,431,0.000231,0.526,199,0.000107,2.64,66,2780,123,176000,158,1.4307559709
num-1000000,1010000,1.01,80.8,0,18.7,0,0,0,0,0,0,0,0,0,0.953,0.816,1180000,1.91,47.7,1.17,0.667,807,0.000683,0.463,405,0.000342,2.34,58.4,2260,221,155000,305,1.2624251477
num-1000000,1450000,1.01,99.7,0,0.309,0,0,0,0,0,0,0,0,0,1.22,1,1760000,2.45,61.1,1.22,0.673,575,0.000326,0.42,318,0.000181,2.44,60.9,2800,163,180000,280,1.4638481819
num-1000000,1410000,1.01,98.9,0,1.14,0,0,0,0,0,0,0,0,0,1.23,0.996,1740000,2.46,61.5,1.23,0.684,911,0.000523,0.62,324,0.000186,2.47,61.7,2790,214,177000,211,1.4388664247
num-1000000,1220000,1.01,93.2,0,6.78,0,0,0,0,0,0,0,0,0,1.27,0.94,1650000,2.54,63.4,1.35,0.674,440,0.000266,0.525,203,0.000123,2.7,67.5,2530,120,163000,153,1.3241723917
num-1000000,1430000,1.01,99,0,0.974,0,0,0,0,0,0,0,0,0,1.18,0.999,1690000,2.35,58.8,1.18,0.695,1090,0.000646,0.623,361,0.000214,2.35,58.9,2830,266,179000,243,1.4586909292
num-1000000,1320000,1.01,95.5,0,4.46,0,0,0,0,0,0,0,0,0,1.02,0.964,1410000,2.05,51.2,1.06,0.659,880,0.000625,0.4,494,0.00035,2.13,53.2,2600,242,172000,399,1.3991015954
num-500000,739000,1.01,99.5,0,0.523,0,0,0,0,0,0,0,0,0,1.07,1,789000,2.14,53.5,1.07,0.682,533,0.000675,0.539,223,0.000282,2.13,53.3,1420,147,92100,195,1.4360211211
num-500000,738000,1.01,99.5,0,0.507,0,0,0,0,0,0,0,0,0,1.24,1,914000,2.48,62,1.24,0.686,466,0.00051,0.627,158,0.000173,2.48,61.9,1450,112,92000,101,1.4369271153
num-500000,525000,1.01,81.7,0,18,0,0,0,0,0,0,0,0,0,1.16,0.829,736000,2.32,58.1,1.4,0.709,327,0.000444,0.588,128,0.000173,2.81,70.1,1240,89.8,79200,98,1.2380684949
num-500000,749000,1.01,99.8,0,0.231,0,0,0,0,0,0,0,0,0,1.14,1,851000,2.28,57,1.14,0.667,369,0.000434,0.463,184,0.000216,2.27,56.8,1440,109,93200,190,1.4566050865
num-500000,743000,1.01,99.8,0,0.211,0,0,0,0,0,0,0,0,0,1.34,1.01,984000,2.68,66.9,1.32,0.682,227,0.000231,0.621,83.8,0.0000852,2.65,66.2,1470,65.6,91800,77.2,1.4332023846
num-500000,585000,1.01,84,0,15.7,0,0,0,0,0,0,0,0,0,0.812,0.845,562000,1.62,40.6,0.961,0.702,642,0.00114,0.514,276,0.000491,1.92,48.1,1220,178,86500,196,1.3499416133
num-500000,744000,1.01,99.7,0,0.299,0,0,0,0,0,0,0,0,0,1.12,1.01,825000,2.24,55.9,1.11,0.674,434,0.000525,0.473,213,0.000258,2.22,55.5,1440,121,92200,187,1.4407759337
num-500000,616000,1.02,87.3,0,12.7,0,0,0,0,0,0,0,0,0,0.95,0.886,660000,1.9,47.5,1.07,0.658,432,0.000655,0.472,206,0.000312,2.14,53.6,1310,127,86800,221,1.3553926516
num-500000,737000,1.01,99.6,0,0.377,0,0,0,0,0,0,0,0,0,1.24,1.01,907000,2.49,62.2,1.23,0.685,479,0.000528,0.632,159,0.000175,2.46,61.6,1470,119,91300,101,1.4234623798
num-500000,742000,1.01,99.7,0,0.289,0,0,0,0,0,0,0,0,0,1.29,1,955000,2.58,64.6,1.29,0.678,331,0.000347,0.634,115,0.00012,2.58,64.4,1450,88.4,92400,93.2,1.4424218184
num-500000,715000,1.01,97.9,0,2.07,0,0,0,0,0,0,0,0,0,1.15,0.992,830000,2.3,57.6,1.16,0.674,399,0.000481,0.482,195,0.000235,2.32,58.1,1430,114,90100,162,1.4060451005
num-500000,743000,1.01,99.7,0,0.267,0,0,0,0,0,0,0,0,0,1.15,1.01,848000,2.3,57.4,1.14,0.684,459,0.000542,0.488,219,0.000258,2.28,57,1450,133,92300,164,1.4399631648
num-500000,815000,1.01,99.8,0,0.189,0,0,0,0,0,0,0,0,0,1.22,1.01,986000,2.44,60.9,1.21,0.664,310,0.000314,0.476,152,0.000154,2.42,60.5,1590,96.9,101000,165,1.5759440309
num-500000,605000,1,89.1,0,10.6,0,0,0,0,0,0,0,0,0,1.09,0.895,739000,2.19,54.7,1.22,0.708,473,0.00064,0.588,177,0.00024,2.44,61.1,1270,117,84500,119,1.3188206633
num-500000,783000,1.02,99.6,0,0.41,0,0,0,0,0,0,0,0,0,1.14,1.02,875000,2.27,56.8,1.12,0.65,474,0.000542,0.512,213,0.000243,2.23,55.9,1560,128,96400,197,1.5032925161
num-500000,746000,1.01,99.7,0,0.333,0,0,0,0,0,0,0,0,0,1.2,1,895000,2.41,60.2,1.2,0.692,360,0.000402,0.536,158,0.000176,2.4,60,1450,97.9,92900,139,1.4490311018
num-500000,598000,1,87.9,0,12,0,0,0,0,0,0,0,0,0,1.22,0.882,824000,2.43,60.8,1.38,0.672,285,0.000346,0.556,120,0.000145,2.76,68.9,1300,81,84700,95,1.3270971582
num-500000,738000,1.01,99.7,0,0.288,0,0,0,0,0,0,0,0,0,1.22,1.01,892000,2.44,61.1,1.21,0.685,448,0.000502,0.613,160,0.00018,2.42,60.5,1460,121,91300,126,1.4239932175
num-500000,411000,1.01,70.6,0,29.1,0,0,0,0,0,0,0,0,0,1.11,0.71,644000,2.22,55.6,1.56,0.677,181,0.000281,0.479,91.1,0.000142,3.13,78.2,1050,54.6,72400,77.3,1.1395868137
num-500000,639000,1,91.1,0,8.85,0,0,0,0,0,0,0,0,0,1.18,0.914,827000,2.36,59.1,1.29,0.709,357,0.000432,0.599,136,0.000165,2.58,64.6,1320,97.3,87400,106,1.3654036831
num-100000,179000,1.03,96.6,0,3.41,0,0,0,0,0,0,0,0,0,1.12,0.991,203000,2.25,56.1,1.13,0.704,102,0.000506,0.568,42.8,0.000211,2.27,56.6,364,28.8,22500,41.3,1.3976593428
num-100000,174000,0.999,99.6,0,0.39,0,0,0,0,0,0,0,0,0,1.31,0.995,228000,2.62,65.4,1.31,0.656,71.4,0.000313,0.681,21.5,0.0000944,2.63,65.7,334,18.6,21800,17.9,1.3498191374
num-100000,197000,0.997,98.7,0,1.33,0,0,0,0,0,0,0,0,0,1.01,0.984,203000,2.03,50.6,1.03,0.68,164,0.000807,0.51,71.6,0.000353,2.06,51.5,368,43.6,25000,54.4,1.5545450486
num-100000,99600,0.995,65.7,0,31.6,0,0,0,0,0,0,0,0,0,0.755,0.654,115000,1.51,37.7,1.15,0.652,124,0.00108,0.591,45.1,0.000392,2.31,57.7,239,31,19100,30.4,1.2139671449
num-100000,185000,1,86.4,0,13.6,0,0,0,0,0,0,0,0,0,1.21,0.865,260000,2.43,60.6,1.4,0.628,113,0.000435,0.64,37.2,0.000143,2.8,70.1,405,28.7,26800,29,1.6488788705
num-100000,177000,1,98.1,0,1.75,0,0,0,0,0,0,0,0,0,0.911,0.982,164000,1.82,45.5,0.928,0.71,160,0.000974,0.511,68.2,0.000415,1.86,46.4,327,46.2,22600,54.5,1.3929167838
num-100000,175000,1.03,99.6,0,0.354,0,0,0,0,0,0,0,0,0,1.21,1.03,208000,2.43,60.7,1.18,0.694,129,0.000622,0.62,43.6,0.00021,2.37,59.2,364,35.5,21400,28.5,1.3819396213
num-100000,162000,1.01,94.7,0,5.13,0,0,0,0,0,0,0,0,0,0.911,0.955,155000,1.82,45.5,0.953,0.694,168,0.00108,0.562,62.7,0.000406,1.91,47.7,316,43.7,21200,45.9,1.3262567195
num-100000,230000,1.02,99.5,0,0.467,0,0,0,0,0,0,0,0,0,1.02,1.01,232000,2.03,50.8,1.01,0.695,195,0.000842,0.522,80,0.000345,2.01,50.3,450,55.6,28500,62.9,1.7598563063
num-100000,186000,1.02,97.1,0,2.9,0,0,0,0,0,0,0,0,0,1.02,0.995,191000,2.05,51.2,1.03,0.671,127,0.000663,0.497,57.3,0.000299,2.06,51.5,376,37.2,23400,58.6,1.4409231634
num-100000,207000,1.01,77.6,0,21.9,0,0,0,0,0,0,0,0,0,0.971,0.781,258000,1.94,48.5,1.24,0.67,217,0.000841,0.595,77.4,0.0003,2.49,62.1,488,53.4,33200,54.8,2.0353770136
num-100000,74100,1.05,52,0,43,0,0,0,0,0,0,0,0,0,0.729,0.543,99500,1.46,36.4,1.34,0.646,47.7,0.000479,0.346,28,0.000282,2.68,67.1,241,16.5,17100,35.7,1.0649738359
num-100000,178000,0.997,99.8,0,0.192,0,0,0,0,0,0,0,0,0,1.11,0.995,198000,2.21,55.3,1.11,0.679,109,0.000549,0.538,46.3,0.000235,2.22,55.5,331,30.9,22400,43.2,1.3766685249
num-100000,178000,1.03,99.8,0,0.205,0,0,0,0,0,0,0,0,0,1.16,1.03,202000,2.33,58.2,1.13,0.67,116,0.000573,0.515,52.4,0.000259,2.27,56.7,361,30.9,21700,37.1,1.3649864433
num-100000,336000,1.02,90.9,0,8.42,0,0,0,0,0,0,0,0,0,0.771,0.926,280000,1.54,38.5,0.833,0.702,453,0.00162,0.616,137,0.00049,1.67,41.6,673,119,45300,94.8,1.7818473901
num-100000,200000,1.01,98.9,0,1.13,0,0,0,0,0,0,0,0,0,1.3,1,260000,2.6,65,1.3,0.636,79.5,0.000306,0.656,25.8,0.0000992,2.6,64.9,399,21.3,25100,25.1,1.5464141142
num-100000,173000,0.993,98.1,0,1.94,0,0,0,0,0,0,0,0,0,1.03,0.973,183000,2.06,51.6,1.06,0.699,133,0.000726,0.54,56.3,0.000308,2.12,53,321,37.6,22200,44.9,1.3800731228
num-100000,195000,1.02,99.7,0,0.278,0,0,0,0,0,0,0,0,0,1.11,1.02,211000,2.21,55.3,1.08,0.669,141,0.000667,0.508,62.5,0.000296,2.16,54.1,389,38.1,23800,45.4,1.4741559517
num-100000,99500,0.982,66.4,0,33.5,0,0,0,0,0,0,0,0,0,1.16,0.652,177000,2.32,58,1.78,0.689,35.8,0.000202,0.486,17.7,0.0000997,3.56,89,261,12.6,19100,19.1,1.2039848408
num-100000,177000,1.01,99.9,0,0.145,0,0,0,0,0,0,0,0,0,1.29,1.01,225000,2.58,64.5,1.27,0.662,54.5,0.000242,0.454,28.5,0.000127,2.55,63.7,351,18,21800,28,1.3458235424
num-300000,466000,1.02,99.6,0,0.373,0,0,0,0,0,0,0,0,0,1.28,1.01,589000,2.56,63.9,1.26,0.687,252,0.000427,0.647,81.9,0.000139,2.53,63.2,936,64.8,57600,60.6,1.3977904394
num-300000,454000,1.01,99.7,0,0.299,0,0,0,0,0,0,0,0,0,1.28,1,580000,2.56,64.1,1.28,0.671,224,0.000386,0.634,77.7,0.000134,2.55,63.9,890,56.8,56600,59.7,1.3726830694
num-300000,182000,1.02,50.5,0,49.1,0,0,0,0,0,0,0,0,0,0.735,0.514,261000,1.47,36.8,1.43,0.647,179,0.000685,0.629,61.2,0.000235,2.86,71.5,550,46,44400,53.5,1.0784080317
num-300000,407000,1,94.9,0,4.98,0,0,0,0,0,0,0,0,0,1.26,0.952,536000,2.51,62.8,1.32,0.673,173,0.000322,0.558,74.2,0.000138,2.64,66,814,44.8,53300,51.9,1.296886093
num-300000,389000,1.01,87.7,0,12.1,0,0,0,0,0,0,0,0,0,0.947,0.884,416000,1.89,47.3,1.07,0.7,345,0.000829,0.496,153,0.000367,2.14,53.5,809,93.1,54900,114,1.3320382046
num-300000,459000,1.01,99.7,0,0.272,0,0,0,0,0,0,0,0,0,1.13,1.01,515000,2.26,56.5,1.12,0.666,301,0.000586,0.532,129,0.000251,2.24,56.1,890,81.1,56900,109,1.3823470885
num-300000,462000,1.01,99.5,0,0.53,0,0,0,0,0,0,0,0,0,1.29,1,597000,2.59,64.7,1.29,0.662,224,0.000375,0.659,71.4,0.00012,2.59,64.7,901,55.4,57700,51.1,1.3981601203
num-300000,461000,1.01,99.8,0,0.236,0,0,0,0,0,0,0,0,0,1.3,1.01,595000,2.6,65,1.29,0.671,212,0.000357,0.682,63.7,0.000107,2.58,64.6,906,52.5,57200,49.7,1.3864066833
num-300000,255000,0.998,69.1,0,30.4,0,0,0,0,0,0,0,0,0,1.04,0.689,384000,2.08,52,1.51,0.678,105,0.000273,0.44,56.3,0.000147,3.02,75.5,636,34,46200,51.7,1.1270520014
num-300000,289000,1.02,75.2,0,24.7,0,0,0,0,0,0,0,0,0,0.954,0.766,360000,1.91,47.7,1.25,0.634,221,0.000613,0.534,94.5,0.000262,2.49,62.3,696,58.8,47300,87.9,1.1485825749
num-300000,451000,1.02,97.3,0,2.51,0,0,0,0,0,0,0,0,0,0.78,0.989,356000,1.56,39,0.789,0.709,470,0.00132,0.5,203,0.000569,1.58,39.4,843,133,57000,152,1.3884092381
num-300000,469000,1.02,99.9,0,0.125,0,0,0,0,0,0,0,0,0,1.18,1.01,546000,2.36,59.1,1.17,0.645,231,0.000422,0.408,128,0.000235,2.33,58.3,924,65.6,57800,105,1.4019003971
num-300000,205000,1,54.8,0,43.6,0,0,0,0,0,0,0,0,0,0.738,0.55,275000,1.48,36.9,1.34,0.651,227,0.000823,0.646,73.1,0.000265,2.69,67.1,562,55.3,46700,57.1,1.1358225325
num-300000,485000,1.01,99.8,0,0.193,0,0,0,0,0,0,0,0,0,1.15,1,555000,2.3,57.4,1.14,0.686,257,0.000464,0.464,128,0.000231,2.29,57.2,932,75,60400,111,1.4687497649
num-300000,692000,1.01,92.8,0,7.24,0,0,0,0,0,0,0,0,0,1.25,0.933,927000,2.5,62.5,1.34,0.625,306,0.00033,0.651,102,0.00011,2.68,67,1430,81,92700,94.9,2.2428252155
num-300000,251000,1,63.6,0,35.2,0,0,0,0,0,0,0,0,0,0.751,0.639,295000,1.5,37.5,1.18,0.628,239,0.000811,0.418,128,0.000436,2.35,58.8,640,65.8,49000,101,1.204420857
num-300000,473000,1.01,99.6,0,0.4,0,0,0,0,0,0,0,0,0,1.17,1.01,546000,2.33,58.4,1.15,0.681,292,0.000534,0.557,119,0.000217,2.31,57.7,938,80.4,58500,102,1.4188102726
num-300000,456000,1,99.8,0,0.177,0,0,0,0,0,0,0,0,0,1.25,1,570000,2.5,62.6,1.25,0.666,191,0.000335,0.494,93.1,0.000163,2.5,62.5,874,51.5,56900,72,1.3794199699
num-300000,468000,1.01,97,0,2.96,0,0,0,0,0,0,0,0,0,1.02,0.985,487000,2.05,51.2,1.04,0.65,307,0.00063,0.506,140,0.000287,2.08,52,919,84.6,59500,146,1.4425462745
num-300000,463000,1.01,99.8,0,0.163,0,0,0,0,0,0,0,0,0,1.14,1.01,522000,2.28,56.9,1.13,0.653,267,0.000511,0.447,138,0.000264,2.26,56.4,907,71.4,57300,106,1.3913031592
num-600000,791000,1.01,92.9,0,7.01,0,0,0,0,0,0,0,0,0,1.2,0.939,1010000,2.39,59.8,1.27,0.7,483,0.00048,0.626,170,0.000168,2.55,63.7,1650,126,105000,134,1.3971300706
num-600000,883000,1.01,99.6,0,0.351,0,0,0,0,0,0,0,0,0,1.11,1,979000,2.23,55.7,1.11,0.684,571,0.000583,0.518,254,0.00026,2.22,55.5,1710,162,110000,218,1.4580673839
num-600000,867000,1.01,99.7,0,0.327,0,0,0,0,0,0,0,0,0,1.31,1.01,1130000,2.63,65.7,1.3,0.683,334,0.000296,0.588,134,0.000118,2.6,65.1,1720,87.8,107000,98.7,1.4237035056
num-600000,853000,1.01,96.5,0,3.51,0,0,0,0,0,0,0,0,0,1.21,0.973,1060000,2.41,60.3,1.24,0.709,558,0.000528,0.629,193,0.000183,2.48,61.9,1730,147,110000,150,1.4537858346
num-600000,883000,1.01,99.8,0,0.222,0,0,0,0,0,0,0,0,0,1.23,1.01,1080000,2.46,61.6,1.22,0.657,467,0.000432,0.573,186,0.000172,2.45,61.2,1720,124,110000,156,1.4531272669
num-600000,895000,1.01,99.6,0,0.367,0,0,0,0,0,0,0,0,0,1.11,1.01,987000,2.22,55.6,1.1,0.65,512,0.000519,0.465,254,0.000257,2.2,55.1,1740,147,111000,245,1.4699277885
num-600000,904000,1.01,99.8,0,0.199,0,0,0,0,0,0,0,0,0,1.22,1.01,1100000,2.44,61,1.21,0.661,378,0.000344,0.428,205,0.000186,2.43,60.7,1760,109,112000,179,1.4912485683
num-600000,913000,1.01,99.8,0,0.222,0,0,0,0,0,0,0,0,0,1.22,1,1110000,2.45,61.1,1.22,0.677,468,0.000421,0.524,210,0.000189,2.43,60.9,1770,127,114000,163,1.5053295837
num-600000,462000,1,64.3,0,33.7,0,0,0,0,0,0,0,0,0,0.824,0.645,591000,1.65,41.2,1.28,0.7,489,0.000827,0.61,176,0.000297,2.55,63.9,1190,126,89600,141,1.1977374971
num-600000,871000,1.01,98.4,0,1.64,0,0,0,0,0,0,0,0,0,1.01,0.994,883000,2.02,50.4,1.01,0.687,634,0.000717,0.518,278,0.000315,2.03,50.7,1680,182,110000,267,1.4529422843
num-600000,871000,1.01,97.4,0,2.54,0,0,0,0,0,0,0,0,0,0.892,0.981,792000,1.78,44.6,0.91,0.697,814,0.00103,0.498,368,0.000465,1.82,45.5,1630,226,111000,280,1.4698207983
num-600000,815000,1.01,93.5,0,6.33,0,0,0,0,0,0,0,0,0,0.786,0.945,677000,1.57,39.3,0.831,0.707,803,0.00119,0.485,363,0.000536,1.66,41.6,1560,233,108000,290,1.4275271053
num-600000,717000,1.01,87.4,0,12.5,0,0,0,0,0,0,0,0,0,0.965,0.883,784000,1.93,48.2,1.09,0.707,602,0.000768,0.535,253,0.000323,2.19,54.6,1510,173,102000,217,1.3468224775
num-600000,617000,1.01,82.5,0,17.4,0,0,0,0,0,0,0,0,0,1.12,0.836,827000,2.24,56,1.34,0.698,394,0.000477,0.583,153,0.000185,2.68,67,1410,110,92300,122,1.2266182057
num-600000,571000,1.01,78.1,0,21.5,0,0,0,0,0,0,0,0,0,0.892,0.79,645000,1.78,44.6,1.13,0.659,292,0.000454,0.277,188,0.000292,2.26,56.4,1300,98.8,90300,227,1.2022127389
num-600000,866000,1.01,99.4,0,0.563,0,0,0,0,0,0,0,0,0,1.21,1,1040000,2.41,60.3,1.2,0.702,595,0.000571,0.611,207,0.000199,2.41,60.2,1700,164,108000,140,1.4322464353
num-600000,882000,1.02,99.7,0,0.327,0,0,0,0,0,0,0,0,0,1.12,1.02,973000,2.25,56.2,1.1,0.696,657,0.000676,0.546,267,0.000274,2.21,55.2,1770,184,108000,193,1.4328639252
num-600000,896000,1.01,99.7,0,0.348,0,0,0,0,0,0,0,0,0,1.25,1.01,1110000,2.5,62.4,1.24,0.688,573,0.000517,0.632,191,0.000172,2.47,61.8,1790,137,111000,123,1.4698582151
num-600000,925000,1.01,99.7,0,0.291,0,0,0,0,0,0,0,0,0,1.17,1.01,1080000,2.34,58.5,1.16,0.681,534,0.000496,0.543,226,0.00021,2.33,58.2,1820,152,115000,197,1.5232665932
num-600000,532000,1.01,72.6,0,27.3,0,0,0,0,0,0,0,0,0,0.735,0.731,535000,1.47,36.7,1,0.661,407,0.000761,0.354,238,0.000444,2.01,50.2,1220,122,91000,239,1.2137783291
num-900000,1330000,1.01,99,0,1.03,0,0,0,0,0,0,0,0,0,1.07,0.999,1420000,2.13,53.4,1.07,0.706,1100,0.00077,0.553,432,0.000304,2.14,53.4,2580,298,167000,307,1.5098183169
num-900000,1300000,1.01,99.7,0,0.28,0,0,0,0,0,0,0,0,0,1.23,1.01,1580000,2.45,61.3,1.22,0.66,554,0.00035,0.539,238,0.000151,2.44,60.9,2530,161,161000,256,1.4579420879
num-900000,1340000,1.01,99.7,0,0.299,0,0,0,0,0,0,0,0,0,1.05,1.01,1410000,2.11,52.7,1.05,0.768,589,0.000419,0.375,328,0.000233,2.1,52.4,2610,310,167000,385,1.5107375212
num-900000,960000,1.01,83.1,0,16.6,0,0,0,0,0,0,0,0,0,1.13,0.84,1290000,2.26,56.5,1.35,0.686,634,0.000491,0.586,244,0.000189,2.69,67.3,2180,163,143000,188,1.2922169373
num-900000,1330000,1.01,100,0,0.0373,0,0,0,0,0,0,0,0,0,1.08,1.01,1430000,2.17,54.2,1.07,0.714,568,0.000397,0.4,317,0.000222,2.15,53.7,2580,214,165000,371,1.4932677245
num-900000,1300000,1.01,99.8,0,0.204,0,0,0,0,0,0,0,0,0,1.23,1.01,1580000,2.45,61.3,1.22,0.696,361,0.000228,0.254,247,0.000156,2.44,60.9,2530,130,161000,291,1.4602606514
num-900000,1100000,1.01,93,0,6.94,0,0,0,0,0,0,0,0,0,1.28,0.941,1490000,2.55,63.8,1.36,0.679,359,0.000241,0.574,148,0.0000997,2.71,67.9,2280,103,146000,134,1.3180318708
num-900000,1320000,1.01,99.6,0,0.38,0,0,0,0,0,0,0,0,0,1.2,1,1570000,2.4,60,1.19,0.839,776,0.000493,0.582,274,0.000174,2.39,59.7,2580,200,164000,219,1.483673997
num-900000,1010000,1.01,86.6,0,13,0,0,0,0,0,0,0,0,0,1.02,0.877,1180000,2.04,51.1,1.17,0.876,512,0.000436,0.409,278,0.000236,2.33,58.3,2110,169,144000,288,1.3073265139
num-900000,1320000,1.01,99.7,0,0.274,0,0,0,0,0,0,0,0,0,1.12,1.01,1460000,2.23,55.8,1.11,0.674,821,0.000561,0.478,399,0.000273,2.22,55.4,2550,224,164000,313,1.4823907255
num-900000,670000,1.01,65.4,0,34.1,0,0,0,0,0,0,0,0,0,0.914,0.658,931000,1.83,45.7,1.39,0.691,266,0.000286,0.281,166,0.000179,2.78,69.4,1760,106,127000,243,1.1550102515
num-900000,907000,1.01,78,0,21.3,0,0,0,0,0,0,0,0,0,1.16,0.788,1330000,2.32,57.9,1.47,0.771,369,0.000277,0.456,163,0.000122,2.94,73.5,2140,140,144000,211,1.3065607347
num-900000,1330000,1.01,99.9,0,0.146,0,0,0,0,0,0,0,0,0,1.16,1.01,1530000,2.31,57.9,1.15,0.727,461,0.000302,0.29,278,0.000182,2.3,57.4,2590,172,165000,325,1.4924784513
num-900000,1470000,1.01,99.6,0,0.435,0,0,0,0,0,0,0,0,0,1.13,1,1650000,2.25,56.3,1.12,0.682,1120,0.000681,0.556,448,0.000271,2.25,56.1,2840,304,184000,311,1.6599800133
num-900000,1250000,1.02,97.3,0,2.66,0,0,0,0,0,0,0,0,0,1.06,0.994,1340000,2.12,53.1,1.07,0.647,790,0.000592,0.47,387,0.000289,2.14,53.4,2510,225,157000,384,1.4230157778
num-900000,1310000,1.01,99.7,0,0.297,0,0,0,0,0,0,0,0,0,1.24,1.01,1610000,2.47,61.9,1.23,0.654,628,0.00039,0.59,243,0.00015,2.46,61.5,2560,167,163000,229,1.4737046632
num-900000,766000,1.01,73.7,0,26,0,0,0,0,0,0,0,0,0,1.16,0.743,1200000,2.32,58,1.56,0.699,280,0.000234,0.352,154,0.000129,3.12,78.1,1950,90.1,129000,155,1.1692157955
num-900000,1310000,1.01,99.8,0,0.199,0,0,0,0,0,0,0,0,0,1.21,1.01,1570000,2.42,60.4,1.2,0.728,438,0.00028,0.284,282,0.00018,2.4,60,2580,158,162000,304,1.4661699804
num-900000,816000,1.01,77.3,0,22.2,0,0,0,0,0,0,0,0,0,1.06,0.78,1100000,2.11,52.8,1.35,0.7,251,0.000227,0.311,150,0.000136,2.71,67.7,1910,100,131000,233,1.1847589545
num-900000,1160000,1.01,94.9,0,5.12,0,0,0,0,0,0,0,0,0,1.29,0.959,1560000,2.58,64.4,1.34,0.762,266,0.000171,0.373,162,0.000104,2.69,67.2,2390,95.4,151000,163,1.3662055567
num-400000,604000,1.01,99,0,0.915,0,0,0,0,0,0,0,0,0,1.02,1,613000,2.04,50.9,1.02,0.733,360,0.000588,0.334,201,0.000329,2.03,50.8,1180,125,75300,192,1.4703726335
num-400000,258000,1.02,55.4,0,39.3,0,0,0,0,0,0,0,0,0,0.819,0.563,376000,1.64,40.9,1.45,0.724,187,0.000498,0.406,91.1,0.000242,2.91,72.7,776,61.8,57400,94.3,1.1320131324
num-400000,478000,1.01,91.2,0,8.76,0,0,0,0,0,0,0,0,0,1.17,0.922,607000,2.34,58.6,1.27,0.704,174,0.000287,0.522,75.8,0.000125,2.54,63.5,1010,52.2,64800,115,1.2738133477
num-400000,232000,1.02,51.9,0,46.5,0,0,0,0,0,0,0,0,0,1.01,0.529,444000,2.02,50.6,1.91,0.713,72.4,0.000163,0.319,46.4,0.000105,3.83,95.7,783,31.4,54800,59.3,1.0698542133
num-400000,601000,1.01,99.8,0,0.189,0,0,0,0,0,0,0,0,0,1.21,1,722000,2.41,60.3,1.2,0.697,150,0.000208,0.267,97.9,0.000136,2.4,60,1180,61.6,74800,140,1.4568997476
num-400000,451000,1.01,87.1,0,12.7,0,0,0,0,0,0,0,0,0,1.2,0.878,618000,2.41,60.1,1.37,0.757,145,0.000235,0.425,72.6,0.000117,2.74,68.5,992,50.3,64200,81.6,1.2640469723
num-400000,597000,1.02,99.8,0,0.159,0,0,0,0,0,0,0,0,0,1.24,1.01,731000,2.48,62.1,1.23,0.765,276,0.000377,0.497,104,0.000142,2.45,61.3,1200,90.5,73600,105,1.4332667141
num-400000,593000,1.01,99.3,0,0.694,0,0,0,0,0,0,0,0,0,1.32,1.01,776000,2.63,65.9,1.31,0.752,133,0.000171,0.433,60.2,0.0000775,2.62,65.5,1180,54,73700,76.6,1.4359357759
num-400000,409000,1.01,80.1,0,19.2,0,0,0,0,0,0,0,0,0,0.891,0.81,450000,1.78,44.6,1.1,0.694,210,0.000467,0.251,135,0.000299,2.2,55,908,74.7,63100,160,1.2333159085
num-400000,329000,1.01,65.6,0,33.7,0,0,0,0,0,0,0,0,0,0.971,0.665,480000,1.94,48.6,1.46,0.695,144,0.0003,0.295,89.5,0.000186,2.92,73,892,53,61800,114,1.2094595283
num-400000,457000,1.01,84.5,0,14.2,0,0,0,0,0,0,0,0,0,0.834,0.853,447000,1.67,41.7,0.977,0.738,469,0.00105,0.54,150,0.000336,1.95,48.9,973,134,67000,143,1.3127453836
num-400000,286000,1.02,61.1,0,38.4,0,0,0,0,0,0,0,0,0,0.788,0.621,363000,1.58,39.4,1.27,0.724,201,0.000554,0.282,127,0.000349,2.54,63.5,789,68.7,57500,124,1.1291892194
num-400000,298000,1,63.5,0,35.5,0,0,0,0,0,0,0,0,0,0.777,0.638,363000,1.55,38.9,1.22,0.731,217,0.000597,0.298,132,0.000363,2.44,60.9,776,74.8,58400,127,1.1451484218
num-400000,510000,1.01,90.7,0,9.07,0,0,0,0,0,0,0,0,0,1.04,0.914,581000,2.08,52.1,1.14,0.738,266,0.000458,0.331,150,0.000258,2.28,57,1050,83.9,69700,144,1.3663495207
num-400000,641000,1.01,99.9,0,0.147,0,0,0,0,0,0,0,0,0,1.17,1.01,740000,2.33,58.4,1.16,0.737,280,0.000378,0.35,153,0.000206,2.31,57.8,1260,100,79300,148,1.5417879303
num-400000,623000,1,99.5,0,0.453,0,0,0,0,0,0,0,0,0,1.34,1,834000,2.68,66.9,1.34,0.704,112,0.000134,0.321,73,0.0000875,2.68,66.9,1220,41.9,77800,72.9,1.5152727936
num-400000,559000,1.01,97.3,0,2.67,0,0,0,0,0,0,0,0,0,1.15,0.981,654000,2.3,57.4,1.17,0.778,211,0.000323,0.35,125,0.000191,2.34,58.5,1100,81.6,71200,136,1.3926251553
num-400000,642000,1,99.3,0,0.707,0,0,0,0,0,0,0,0,0,1.11,0.997,713000,2.21,55.3,1.11,0.73,355,0.000498,0.391,170,0.000239,2.22,55.5,1250,121,80600,166,1.5803732072
num-400000,588000,1.01,99.8,0,0.191,0,0,0,0,0,0,0,0,0,1.32,1.01,769000,2.63,65.8,1.31,0.756,145,0.000188,0.417,74.1,0.0000963,2.62,65.4,1170,55.9,73100,82.2,1.4217154241
num-400000,594000,1.01,99.2,0,0.791,0,0,0,0,0,0,0,0,0,1.13,0.998,672000,2.26,56.5,1.13,0.751,313,0.000466,0.406,150,0.000223,2.26,56.6,1160,102,74300,147,1.4478135242
num-700000,930000,1.01,92,0,7.58,0,0,0,0,0,0,0,0,0,0.792,0.927,795000,1.58,39.6,0.855,0.752,826,0.00104,0.465,317,0.000399,1.71,42.7,1810,270,125000,316,1.4475865051
num-700000,974000,1.01,95.8,0,4.2,0,0,0,0,0,0,0,0,0,0.906,0.969,911000,1.81,45.3,0.935,0.74,667,0.000733,0.333,359,0.000394,1.87,46.8,1900,217,126000,339,1.4578426989
num-700000,1030000,1.01,99.8,0,0.165,0,0,0,0,0,0,0,0,0,1.16,1.01,1190000,2.33,58.2,1.16,0.758,413,0.000348,0.337,241,0.000203,2.32,57.9,1990,143,127000,234,1.470676953
num-700000,718000,1.01,83,0,16.8,0,0,0,0,0,0,0,0,0,1.2,0.84,1030000,2.4,60.1,1.43,0.758,199,0.000193,0.391,113,0.00011,2.86,71.6,1630,66.5,107000,116,1.2472408307
num-700000,980000,1.01,96.9,0,3.06,0,0,0,0,0,0,0,0,0,1.03,0.978,1030000,2.06,51.4,1.05,0.736,489,0.000475,0.319,278,0.00027,2.1,52.6,1930,179,125000,320,1.4494519279
num-700000,986000,1.01,96.1,0,3.86,0,0,0,0,0,0,0,0,0,1.07,0.97,1090000,2.14,53.5,1.1,0.75,575,0.000528,0.371,289,0.000266,2.21,55.2,1980,197,127000,279,1.4677922154
num-700000,1060000,1.01,99.8,0,0.196,0,0,0,0,0,0,0,0,0,1.11,1.01,1170000,2.22,55.5,1.1,0.692,473,0.000404,0.257,313,0.000268,2.21,55.1,2060,153,132000,301,1.5189036611
num-700000,1020000,1.01,99.9,0,0.112,0,0,0,0,0,0,0,0,0,1.21,1.01,1220000,2.41,60.4,1.2,0.715,311,0.000255,0.281,206,0.000169,2.39,59.8,1980,108,126000,214,1.4597357022
num-700000,1040000,1.01,99.8,0,0.162,0,0,0,0,0,0,0,0,0,1.21,1.01,1250000,2.42,60.6,1.2,0.701,289,0.000231,0.263,193,0.000154,2.41,60.1,2040,111,129000,243,1.4907499984
num-700000,1030000,1.03,99.8,0,0.2,0,0,0,0,0,0,0,0,0,1.21,1.02,1210000,2.42,60.6,1.18,0.722,359,0.000296,0.295,232,0.000192,2.37,59.2,2090,129,125000,239,1.4439799673
num-700000,636000,1.01,77.4,0,22,0,0,0,0,0,0,0,0,0,1.21,0.781,983000,2.41,60.4,1.54,0.738,111,0.000113,0.358,65.8,0.0000669,3.09,77.2,1530,51.6,102000,94.4,1.1852636006
num-700000,577000,1.01,69.9,0,29.7,0,0,0,0,0,0,0,0,0,0.781,0.705,639000,1.56,39,1.11,0.731,449,0.000702,0.327,245,0.000384,2.22,55.4,1410,152,102000,237,1.185528136
num-700000,1070000,1.01,99.3,0,0.693,0,0,0,0,0,0,0,0,0,1.25,1,1340000,2.51,62.7,1.25,0.676,251,0.000188,0.285,158,0.000119,2.5,62.6,2110,101,133000,222,1.5367615896
num-700000,775000,1.01,87.3,0,12.5,0,0,0,0,0,0,0,0,0,1.08,0.883,947000,2.16,54,1.22,0.718,363,0.000384,0.311,216,0.000228,2.44,61.1,1680,126,110000,215,1.2739698286
num-700000,540000,1.01,66.6,0,30.1,0,0,0,0,0,0,0,0,0,0.828,0.673,665000,1.66,41.4,1.23,0.761,429,0.000646,0.463,173,0.00026,2.46,61.5,1380,153,100000,192,1.1641196824
num-700000,1030000,1.01,99.8,0,0.183,0,0,0,0,0,0,0,0,0,1.26,1.01,1290000,2.52,63,1.25,0.759,302,0.000235,0.364,167,0.00013,2.49,62.4,2050,107,128000,190,1.4761097991
num-700000,412000,1.01,54.2,0,44.8,0,0,0,0,0,0,0,0,0,1.01,0.546,763000,2.02,50.6,1.85,0.697,157,0.000206,0.294,106,0.000139,3.71,92.6,1300,54.8,94300,104,1.0972837542
num-700000,751000,1.01,82.7,0,16.9,0,0,0,0,0,0,0,0,0,0.864,0.832,780000,1.73,43.2,1.04,0.718,404,0.000518,0.278,246,0.000316,2.08,51.9,1580,146,113000,295,1.307287612
num-700000,1040000,1.01,99.8,0,0.182,0,0,0,0,0,0,0,0,0,1.23,1.01,1270000,2.46,61.6,1.22,0.761,351,0.000276,0.391,173,0.000136,2.45,61.2,2050,140,129000,210,1.4876650952
num-700000,951000,1.01,96,0,3.99,0,0,0,0,0,0,0,0,0,1.28,0.971,1250000,2.55,63.8,1.31,0.761,253,0.000202,0.385,142,0.000113,2.63,65.7,1940,89.6,122000,143,1.4172372137
num-200000,319000,1,99.8,0,0.17,0,0,0,0,0,0,0,0,0,1.27,1,406000,2.55,63.7,1.27,0.673,68.9,0.00017,0.244,47.6,0.000117,2.54,63.6,620,28.2,39800,57.6,1.4329806502
num-200000,322000,1.01,99.9,0,0.119,0,0,0,0,0,0,0,0,0,1.16,1.01,370000,2.33,58.1,1.15,0.715,119,0.000321,0.3,76.4,0.000206,2.3,57.5,626,40.7,39800,77.4,1.4249772259
num-200000,319000,1.01,99.8,0,0.185,0,0,0,0,0,0,0,0,0,1.15,1.01,363000,2.29,57.4,1.14,0.735,137,0.000378,0.342,73.9,0.000204,2.27,56.8,629,49,39500,81.8,1.431165956
num-200000,285000,1.02,81.5,0,18.3,0,0,0,0,0,0,0,0,0,0.731,0.827,252000,1.46,36.5,0.884,0.728,211,0.000838,0.333,113,0.000448,1.77,44.2,618,72,43100,125,1.5610305467
num-200000,347000,1,99.9,0,0.138,0,0,0,0,0,0,0,0,0,1.17,1,403000,2.33,58.3,1.16,0.714,121,0.000301,0.252,84.9,0.000211,2.32,58.1,660,41.6,43300,82.8,1.544670892
num-200000,318000,1.01,99.8,0,0.151,0,0,0,0,0,0,0,0,0,1.25,1,396000,2.5,62.6,1.25,0.724,64.2,0.000162,0.303,40.3,0.000102,2.49,62.3,616,27.4,39600,62.2,1.4180484222
num-200000,319000,1.01,99.9,0,0.135,0,0,0,0,0,0,0,0,0,1.37,1.01,433000,2.75,68.7,1.36,0.731,35.8,0.0000826,0.362,21.4,0.0000495,2.71,67.8,639,19.3,39400,30.2,1.4196169926
num-200000,283000,1.01,91.9,0,8.05,0,0,0,0,0,0,0,0,0,1.31,0.93,397000,2.61,65.3,1.4,0.695,55.8,0.00014,0.326,35.6,0.0000896,2.81,70.2,607,22.5,38000,39,1.3702468422
num-200000,320000,1,99.8,0,0.249,0,0,0,0,0,0,0,0,0,1.12,1,356000,2.23,55.8,1.11,0.687,147,0.000413,0.266,95.4,0.000268,2.23,55.7,617,49.8,39900,92.6,1.4386992559
num-200000,201000,1.01,76.7,0,23.1,0,0,0,0,0,0,0,0,0,1.02,0.774,266000,2.04,51.1,1.32,0.7,68.5,0.000258,0.24,46.9,0.000176,2.64,66,471,26.6,32500,57.6,1.1694633513
num-200000,267000,1.01,89.8,0,10.2,0,0,0,0,0,0,0,0,0,1.1,0.903,325000,2.2,55,1.22,0.743,128,0.000393,0.318,70.6,0.000217,2.44,60.9,567,43.6,37000,75.8,1.3392164353
num-200000,327000,1.02,99.9,0,0.106,0,0,0,0,0,0,0,0,0,1.21,1.01,389000,2.41,60.3,1.19,0.729,195,0.000501,0.551,61.4,0.000158,2.38,59.5,664,58.2,40400,62.3,1.4436235428
num-200000,163000,1.01,64.2,0,35.4,0,0,0,0,0,0,0,0,0,1.13,0.65,281000,2.25,56.3,1.73,0.696,44.1,0.000157,0.335,27.9,0.0000991,3.46,86.5,459,17,31300,30,1.148152748
num-200000,337000,1.01,98.5,0,1.49,0,0,0,0,0,0,0,0,0,1.12,0.993,381000,2.24,56.1,1.13,0.71,110,0.000289,0.29,67.3,0.000177,2.26,56.5,658,41.9,42500,102,1.5266720775
num-200000,166000,1.01,65.7,0,34.2,0,0,0,0,0,0,0,0,0,0.94,0.661,236000,1.88,47,1.42,0.709,69.1,0.000293,0.275,42.4,0.00018,2.84,71.1,439,27.8,31400,60.1,1.1530172235
num-200000,199000,1.01,77.4,0,22.3,0,0,0,0,0,0,0,0,0,1.24,0.783,316000,2.48,62.1,1.59,0.714,40.8,0.000129,0.343,22.7,0.0000716,3.17,79.3,490,17.3,31800,30.1,1.1807072302
num-200000,315000,1.01,99.8,0,0.171,0,0,0,0,0,0,0,0,0,1.3,1.01,404000,2.6,65,1.28,0.696,55.6,0.000138,0.326,32.9,0.0000814,2.57,64.2,630,26.4,38900,58.3,1.3955399591
num-200000,317000,1,96.3,0,3.58,0,0,0,0,0,0,0,0,0,1.1,0.966,359000,2.19,54.8,1.13,0.739,197,0.000548,0.465,75.6,0.000211,2.27,56.7,630,67.2,41000,74.2,1.4670465503
num-200000,326000,1.02,98.9,0,1.15,0,0,0,0,0,0,0,0,0,1.18,1,385000,2.36,59.1,1.18,0.598,110,0.000286,0.199,76,0.000198,2.36,58.9,662,41.2,40700,97.1,1.461739073
num-200000,325000,1,99.4,0,0.634,0,0,0,0,0,0,0,0,0,1.14,0.997,372000,2.28,57,1.14,0.66,121,0.000325,0.247,78.4,0.000211,2.29,57.2,634,44.6,40800,96.2,1.470888523
